BHK,Size,Floor,Area_Type,City,Furnishing_Status,Tenant_Preferred,Bathroom,Rent
2,850,2,1,6000,1,1,2,7500
2,890,45,2,4000,1,3,2,130000
2,600,3,2,1100,1,1,2,21000
1,1000,0,1,7000,1,2,1,3500
2,471,9,2,4000,1,1,2,34000
2,750,0,1,4000,0,2,2,50000
2,500,1,2,5600,1,2,1,7500
2,500,1,1,1100,1,2,1,7000
3,1700,0,1,7000,0,2,2,36125
2,700,0,1,7000,1,2,1,9000
2,850,4,2,4000,1,1,2,100000
3,1960,8,1,5000,1,2,3,37000
1,450,1,1,5600,0,1,1,6500
3,1484,9,2,6000,1,2,3,30000
1,480,7,2,4000,2,2,2,45000
2,110,0,1,1100,1,2,1,20000
2,800,2,1,6000,0,2,2,14000
2,600,2,1,5600,0,2,1,12000
3,1500,10,2,4000,1,2,3,60000
1,840,8,2,4000,0,2,2,74999
2,1000,17,2,6000,1,1,2,15000
2,650,1,2,6000,0,2,2,9500
2,1100,2,1,5600,0,2,2,16000
3,1500,2,2,6000,1,1,3,72000
3,2000,1,2,5000,1,2,3,20000
2,990,14,2,5600,2,2,2,24000
2,1380,2,2,5600,1,2,2,40000
1,450,3,1,5000,0,2,1,10500
2,1200,6,1,4000,2,2,2,100000
1,450,0,1,6000,0,2,1,6000
2,725,0,2,4000,0,2,2,46000
1,650,1,2,6000,2,3,2,14000
1,500,8,2,4000,0,1,1,55000
1,600,1,1,6000,0,1,1,7000
2,700,4,2,7000,1,2,1,8500
2,750,12,2,4000,1,2,2,45000
3,1400,12,2,6000,1,3,3,20000
3,2000,2,1,6000,1,2,3,35000
2,900,2,1,6000,1,2,2,18000
2,1100,0,1,5600,1,2,2,10000
2,805,0,1,6000,1,2,2,15000
2,800,0,2,5000,0,1,2,7000
3,1200,10,2,4000,2,2,3,120000
3,1600,8,2,5000,1,3,3,35000
3,1250,1,1,7000,0,2,2,10000
1,600,1,2,1100,1,1,1,9000
2,670,2,1,1100,2,2,2,10000
1,550,0,2,5000,0,2,1,9000
2,700,3,1,5000,2,2,2,13000
3,1325,1,2,5600,1,2,2,31000
2,1000,2,2,5600,1,2,2,13500
2,700,2,1,5600,1,2,2,9500
2,1250,3,2,5600,1,2,2,35000
2,1000,7,2,4000,2,2,2,200000
2,650,0,2,7000,0,2,1,7000
2,1050,4,1,6000,1,3,2,22000
1,450,0,1,5000,0,2,1,8000
1,100,3,1,1100,2,2,1,14000
3,1600,18,2,4000,1,3,3,93000
1,50,4,1,5000,0,2,1,4500
1,300,3,1,4000,0,2,1,18000
2,1300,2,2,5600,1,2,2,40000
2,500,2,1,5600,0,2,1,12000
2,1000,3,1,5000,0,2,2,12000
1,340,1,1,4000,1,2,1,17000
2,1100,0,1,5600,1,2,2,10500
2,619,1,2,6000,2,2,1,12000
2,650,10,2,4000,2,3,2,38000
2,700,0,1,6000,0,2,2,10000
2,1000,1,1,6000,2,1,2,35000
1,750,0,1,6000,1,2,1,11000
2,500,0,2,5600,0,2,1,10000
3,1100,3,2,1100,1,2,2,30000
3,1400,1,2,1100,1,2,3,100000
1,500,1,2,7000,0,1,1,3800
1,400,3,2,5600,1,2,1,12000
4,1650,13,2,4000,1,2,4,130000
3,1100,15,2,4000,1,3,3,62000
2,500,2,1,1100,1,2,2,7000
3,1300,0,2,7000,0,2,3,22000
2,1100,1,1,5000,2,2,2,36000
3,1250,5,2,5000,1,2,3,32000
3,1850,1,1,5000,1,3,2,20000
1,250,1,2,7000,2,1,1,6500
4,2300,1,1,1100,1,2,4,200000
3,1300,2,2,5000,0,1,3,14000
1,500,0,1,5000,0,2,1,6200
2,950,1,1,6000,1,3,2,12000
1,360,0,1,5600,0,2,1,7000
2,60,2,1,1100,0,2,1,8500
2,1170,1,1,5000,0,2,2,20000
2,750,8,2,4000,0,2,2,50000
2,800,3,1,7000,0,2,1,6000
3,2200,0,2,1100,1,2,2,21000
2,1000,1,2,7000,1,2,3,13000
2,950,1,1,6000,0,3,2,10000
4,2729,20,2,4000,1,1,5,250000
3,1600,2,2,6000,1,1,3,50000
2,500,1,1,5000,1,2,2,20000
1,700,1,1,7000,0,2,1,2200
4,1600,1,2,7000,0,2,3,35000
3,1200,3,1,5000,1,2,3,12000
2,720,6,2,4000,1,2,2,75000
1,250,0,1,6000,0,2,1,5000
1,300,2,1,5600,1,2,1,8500
1,550,2,1,6000,0,2,1,10000
1,375,13,1,4000,0,2,1,15000
3,1100,1,2,5000,1,2,2,15000
3,1955,1,1,5000,0,1,3,45000
3,2000,0,2,5000,1,2,3,55000
2,900,5,2,4000,1,3,2,120000
3,1600,3,2,5000,1,2,3,24000
1,379,23,2,4000,1,1,2,52000
3,1200,2,2,5600,1,2,2,15000
1,400,3,1,4000,0,1,1,30000
2,850,2,2,1100,1,1,2,25000
1,385,0,1,4000,0,2,1,21000
1,450,1,2,7000,2,2,1,5500
3,1700,1,1,5000,1,2,4,24000
3,1100,6,2,4000,1,2,3,140000
1,500,0,1,5600,0,2,1,5000
3,1200,2,2,6000,0,2,3,24000
2,550,0,2,7000,0,1,1,7500
3,1280,0,1,6000,1,2,2,16000
2,690,0,1,6000,0,2,1,14000
2,630,8,2,4000,1,3,2,21000
3,1700,10,2,5600,1,2,3,35000
2,775,2,2,5600,1,2,1,12000
2,700,2,1,5600,1,2,2,17000
2,1000,0,1,6000,1,3,2,15000
1,500,1,2,5000,0,1,1,6000
3,1600,9,2,4000,2,2,3,180000
1,500,1,1,5000,0,2,1,8200
3,1700,4,2,6000,2,2,3,53000
2,1000,1,2,5600,0,1,2,8500
1,450,13,2,4000,0,2,2,28000
1,600,1,1,5600,0,2,1,6000
2,800,0,1,5000,1,2,2,14000
1,400,9,2,4000,2,2,1,100000
3,106,0,1,1100,1,2,1,8000
2,1000,3,1,1100,1,3,1,20000
3,1880,14,1,5600,1,3,2,42000
2,700,3,2,4000,2,3,2,33003
3,650,3,1,1100,1,2,1,12500
2,800,1,2,7000,0,3,2,10500
2,900,0,1,6000,1,2,2,12000
1,500,0,2,4000,2,2,1,65000
1,400,2,1,5000,0,2,1,6000
1,300,0,2,7000,0,2,1,5200
2,670,4,2,4000,2,3,2,22000
2,1200,1,1,5600,1,2,2,16000
2,1333,2,1,5600,0,1,2,16000
3,1800,0,2,6000,1,3,3,14000
3,1110,49,2,4000,1,2,3,80000
2,1200,2,2,6000,1,1,2,12000
3,1600,4,1,5000,1,2,3,25000
2,1200,1,1,5000,1,2,2,25000
1,360,0,1,6000,0,2,1,6300
2,800,0,2,7000,0,2,1,5000
1,400,1,1,5600,0,2,1,11000
1,225,7,2,4000,0,3,1,12000
3,1768,8,1,5600,1,3,3,32000
2,90,4,1,1100,1,2,2,16500
1,300,2,1,5000,2,2,1,9000
1,450,2,1,4000,0,2,1,18000
2,500,1,1,1100,1,2,2,17000
1,475,2,2,6000,1,2,1,18000
1,499,2,2,1100,1,3,1,16000
2,1100,2,1,5600,1,2,3,20000
1,350,0,2,7000,0,2,1,7500
2,850,1,1,5000,0,2,2,11000
3,1095,2,1,6000,2,2,2,15000
2,940,10,1,6000,0,2,2,12500
2,600,1,2,7000,0,2,1,8000
3,1200,4,1,4000,1,2,3,32000
2,1800,1,1,6000,1,2,2,20000
3,1500,4,1,5000,1,2,3,22000
2,1000,2,2,1100,1,1,2,20000
2,60,1,1,1100,1,2,1,9000
1,500,2,2,5000,1,1,1,14500
1,800,3,1,4000,0,2,2,20000
2,900,0,1,6000,0,2,2,8500
2,1100,3,1,5000,1,2,2,15500
2,1100,4,2,5000,2,1,2,16000
2,1800,1,2,7000,0,1,2,12000
1,500,1,1,1100,1,2,1,16000
2,800,5,1,4000,1,1,2,37000
2,700,0,2,7000,1,2,2,8500
1,580,0,1,5600,1,2,1,4800
2,900,1,1,6000,0,2,2,10000
3,1150,0,1,5000,1,2,3,18000
1,200,0,1,5600,1,2,1,8000
2,600,2,1,5000,0,2,2,13000
2,750,1,1,5600,0,2,2,15000
1,300,0,1,7000,1,2,1,6000
3,1915,8,1,4000,1,3,4,260000
2,800,1,1,6000,1,2,2,16000
2,800,19,2,4000,1,1,3,75000
1,400,1,1,5000,0,2,1,6000
1,450,9,2,4000,0,3,2,26000
2,1200,2,1,4000,1,2,2,50000
2,1100,1,1,5600,1,2,2,17000
3,1300,9,2,6000,0,2,3,38000
1,540,2,1,5000,1,2,1,5000
3,800,0,1,7000,0,2,2,8500
2,888,5,2,4000,1,2,2,60000
1,400,0,1,5600,1,2,1,22000
3,1095,40,2,4000,1,2,3,160000
2,1350,2,1,5000,0,2,2,13000
1,500,0,2,6000,0,1,1,10000
2,650,5,2,4000,1,3,2,35000
3,1300,3,1,5000,1,1,2,18000
2,770,8,1,5600,2,2,2,25000
2,110,1,2,5600,1,2,1,14000
1,600,2,1,5600,1,2,1,5500
1,650,1,2,1100,1,2,1,20000
2,800,9,2,5600,1,2,1,35000
1,500,1,1,1100,0,2,1,9000
2,900,0,1,7000,1,2,1,8000
3,1530,9,2,6000,1,2,3,16500
2,1200,1,1,7000,0,2,1,6000
2,807,14,2,4000,0,1,2,60000
3,1400,4,2,5000,1,2,2,38000
3,1150,3,2,1100,0,2,2,20500
1,600,2,1,5600,1,3,1,11000
2,909,5,1,6000,1,2,2,14000
1,400,2,2,5600,1,1,1,7000
3,900,0,2,4000,1,3,2,55000
1,435,2,2,5600,1,2,1,15000
2,900,1,2,5600,1,3,2,17000
2,1200,3,2,6000,1,2,2,30000
2,1440,2,2,1100,1,1,2,36000
1,800,1,2,7000,0,2,1,7000
2,700,1,1,5600,0,2,2,11000
3,120,4,1,1100,2,2,3,18000
3,1100,48,2,4000,0,3,3,80000
3,1650,5,2,5000,1,3,3,35000
2,669,15,2,4000,0,1,2,46000
1,200,2,2,5600,1,2,1,4750
2,710,15,2,4000,1,2,2,57000
1,400,1,2,1100,1,2,1,8000
3,1250,2,2,5000,1,1,2,12500
2,75,2,1,1100,0,2,1,8000
2,70,1,1,1100,1,2,1,13000
2,1000,2,1,5000,0,2,2,13000
1,400,6,2,4000,0,1,2,27000
1,900,2,2,5000,0,3,1,8500
1,480,5,2,4000,2,3,2,43000
2,800,1,1,5600,1,2,2,15000
2,780,2,1,6000,1,2,2,14000
3,1450,2,1,5000,0,2,2,13000
2,60,3,1,5000,0,2,2,8500
3,1742,25,1,5000,1,3,2,53000
1,150,1,2,7000,0,1,1,3700
2,1100,0,2,5000,0,2,2,10000
1,540,2,1,4000,0,2,2,36000
1,425,2,2,5600,1,2,1,9000
2,48,1,1,1100,0,2,2,12000
3,1500,2,1,6000,1,1,3,40000
3,1757,9,1,5600,1,2,3,31000
2,1150,1,2,5600,1,3,2,28000
3,1300,12,2,4000,1,3,3,100000
3,1700,1,2,1100,2,1,3,80000
2,1280,0,1,5000,0,2,3,15000
3,200,3,2,1100,0,1,3,85000
1,600,0,1,5600,0,2,1,6000
1,570,6,1,4000,2,2,2,20000
3,2000,3,2,6000,1,2,3,75000
1,650,1,2,6000,0,1,1,8000
2,650,7,2,4000,0,1,2,40000
2,600,1,1,5600,0,2,1,16000
3,1300,3,2,5600,1,2,2,35000
2,1180,1,2,5600,1,3,2,13000
1,450,1,1,5000,0,2,1,5000
3,800,0,1,1100,0,2,1,15000
3,1200,2,1,7000,2,2,1,10000
1,495,5,1,4000,2,2,2,27000
2,650,0,2,7000,1,2,1,15000
1,650,1,1,5000,0,2,1,13900
3,1255,12,2,4000,2,2,3,75000
3,2000,1,1,7000,1,2,2,30000
2,1100,1,1,5600,1,2,2,17000
1,150,0,1,5000,0,2,1,7000
3,2400,3,2,1100,1,1,3,95000
2,2700,1,1,1100,2,2,2,95000
2,1050,1,1,5000,0,2,2,15000
2,300,3,2,1100,0,2,1,6000
2,1200,0,1,5600,1,2,2,10000
2,1105,1,1,5600,1,2,2,20000
2,600,4,2,4000,2,3,2,41000
2,950,0,2,7000,0,2,2,180000
2,650,1,1,5000,0,2,2,14000
2,780,3,2,5000,0,1,2,12000
2,600,0,1,7000,0,2,1,11000
2,1500,0,1,5000,1,2,2,25000
2,1100,3,2,5000,1,2,2,18000
2,1000,2,1,1100,1,1,2,35000
1,500,6,2,4000,0,1,1,8500
3,1750,1,1,6000,0,2,3,10000
1,225,18,2,4000,0,1,2,18000
3,1062,2,1,6000,1,2,2,12000
3,1355,30,2,4000,2,2,3,160000
1,150,1,2,7000,0,2,1,5000
3,1680,1,1,6000,1,3,3,37500
3,1200,0,2,7000,0,1,2,15000
2,1000,10,2,4000,2,1,2,130000
1,400,0,2,5600,0,1,1,18000
2,900,1,2,6000,1,2,2,12000
4,2100,21,2,4000,2,3,5,230000
3,1350,65,2,4000,1,3,4,190000
2,500,2,1,1100,0,2,1,6000
2,550,3,2,1100,0,1,2,11000
3,1800,2,1,1100,2,2,3,60000
2,600,0,1,5000,0,2,1,5000
1,500,2,2,5600,0,2,1,8000
2,1100,1,2,6000,0,1,2,23000
1,400,1,1,5000,0,2,1,5500
3,1000,1,1,1100,0,2,2,22000
3,1110,9,2,4000,2,2,3,90000
3,125,1,1,1100,0,1,2,19500
1,500,1,2,5600,1,1,1,12000
2,1050,2,2,5000,1,1,2,14000
1,220,0,1,7000,2,2,1,6000
3,1444,11,1,6000,1,1,3,65000
2,720,5,2,5000,1,2,2,9500
2,650,0,1,7000,1,2,2,7000
2,500,0,1,7000,0,2,1,5500
2,1000,2,1,5000,2,2,2,13000
2,1600,0,2,7000,1,1,1,8000
3,773,2,2,5600,1,1,2,20000
2,950,4,1,4000,2,2,2,50000
3,1060,3,1,6000,1,2,2,12000
2,1250,1,1,5000,1,2,3,11000
2,1105,1,2,5600,2,2,2,24000
1,450,3,2,5600,2,2,1,13000
2,800,1,1,6000,0,2,1,11000
2,750,2,2,4000,0,3,2,66000
1,300,1,2,7000,0,2,1,6800
2,1000,6,2,4000,2,2,2,180000
2,850,4,1,5000,1,3,2,14000
2,1200,2,2,5000,1,1,2,20000
1,225,7,1,4000,0,2,1,10000
2,1300,1,1,7000,0,2,2,18000
2,1050,1,1,5600,1,2,2,15000
3,1200,1,2,6000,1,1,3,29000
3,1270,1,2,5000,2,3,2,15000
2,700,7,2,4000,2,2,2,130000
2,1100,2,1,5000,1,2,2,12000
2,1100,1,2,6000,0,2,2,7000
2,1200,0,1,7000,1,2,2,10000
1,750,1,1,5000,0,2,1,10000
2,905,3,1,5600,1,3,2,12000
1,750,1,1,6000,0,2,1,7000
1,390,0,2,4000,1,2,2,26000
1,500,8,1,4000,1,2,2,6000
2,1300,3,1,5600,2,2,2,23000
1,300,0,2,7000,2,1,1,8000
1,500,0,1,1100,1,2,1,5000
2,1200,1,2,6000,0,3,3,12000
2,615,2,2,1100,0,2,2,14000
3,1246,7,1,6000,1,2,2,15723
1,400,1,1,1100,0,2,1,4500
2,750,8,2,4000,2,2,2,55000
2,1145,1,1,6000,0,2,2,11000
2,805,8,2,4000,1,3,3,65000
1,400,3,1,5600,0,2,1,7500
2,700,0,2,5600,1,2,1,13000
1,565,1,1,4000,2,2,2,28500
2,1000,0,2,5000,1,1,2,18000
2,1000,2,1,7000,2,2,2,9000
2,1000,0,1,6000,0,3,2,15000
2,700,0,1,7000,0,1,2,10000
1,370,5,2,4000,1,3,1,24000
1,450,0,2,7000,0,1,1,5500
1,150,2,1,5600,0,2,1,3500
2,300,3,1,5000,2,2,2,12500
2,100,1,2,1100,1,2,2,29000
3,2000,0,1,5000,1,2,3,15000
1,600,1,1,5600,1,2,1,7500
2,1100,3,2,5600,2,1,2,21000
2,1080,1,1,6000,0,2,2,10500
2,600,1,1,5600,0,2,2,8500
3,1100,4,2,6000,1,1,3,22000
2,1250,2,2,6000,1,2,2,27999
2,1000,5,1,5000,1,2,2,12000
2,890,5,2,5600,1,2,2,20000
2,700,1,1,7000,0,2,1,6000
2,600,2,1,1100,0,2,2,10000
2,500,2,2,5600,1,1,1,13000
2,84,0,2,1100,1,1,2,22000
2,100,3,1,1100,0,2,1,14000
4,2700,2,2,1100,1,2,3,36000
1,400,0,1,5600,0,2,1,8000
3,1000,5,2,4000,1,2,3,65000
2,1000,1,1,1100,0,2,2,32000
3,1073,8,2,4000,1,2,3,78000
2,800,1,1,5600,1,2,1,8000
2,680,0,2,7000,0,2,2,12500
1,500,2,1,5600,0,2,1,7500
2,590,1,1,6000,0,2,1,12500
1,300,0,1,4000,0,2,2,13000
1,270,15,2,4000,0,1,2,15000
1,650,0,1,6000,1,2,1,7500
1,500,2,1,5600,1,2,1,10000
2,550,2,2,7000,0,2,1,12000
3,1500,1,1,6000,1,2,2,45000
2,650,6,2,4000,1,2,2,35000
3,1000,0,2,7000,1,2,2,22000
1,350,0,2,7000,1,2,1,5000
2,1200,1,1,6000,0,2,2,19000
1,600,1,2,6000,0,3,1,6000
1,500,5,3,5000,0,2,1,6000
3,1200,1,1,5600,1,2,2,24000
3,1600,1,1,5600,1,2,3,21000
2,800,2,1,5000,0,2,2,16000
3,2000,6,2,4000,2,2,3,150000
1,434,0,1,6000,0,2,1,6000
2,894,3,2,5600,0,1,2,19000
2,700,1,2,5600,1,2,2,12000
2,700,0,1,6000,2,2,2,15000
1,490,3,1,4000,1,2,2,25000
3,1200,0,1,7000,0,2,1,7000
2,1000,2,1,5000,1,2,2,12000
2,1000,0,1,5600,1,2,2,12000
1,430,4,2,4000,0,3,1,22000
1,500,2,2,5600,1,1,1,7000
2,950,0,1,4000,1,2,3,25500
3,1600,15,2,6000,1,2,3,33000
1,450,0,1,1100,0,2,1,5000
1,600,1,1,6000,0,2,1,6800
2,530,1,2,5600,1,2,1,9500
2,550,1,2,7000,0,1,1,5000
3,1417,7,2,5000,2,1,3,57000
1,450,1,1,5600,1,2,1,7000
2,1650,2,1,5600,0,2,3,30000
3,1675,5,1,5000,0,2,3,35000
2,700,1,1,5600,0,2,2,10000
3,1750,2,2,5600,1,2,3,54000
1,1000,0,1,5000,0,2,1,7500
2,1162,2,1,6000,1,2,2,20000
3,1100,0,1,7000,1,2,2,22000
3,100,2,1,1100,1,2,2,16000
3,2000,1,2,5600,1,2,3,50000
1,200,3,2,1100,0,1,1,8000
3,850,8,2,4000,0,3,3,43000
2,900,2,2,1100,2,2,2,23000
2,400,2,2,1100,1,1,1,7500
1,400,3,2,5000,0,1,1,9500
2,1100,2,1,7000,2,1,2,25000
3,100,3,1,1100,1,2,2,15000
1,700,1,1,1100,1,2,1,18000
4,1648,21,2,4000,1,2,5,140000
2,900,3,1,5000,1,2,2,9500
1,500,1,1,5600,1,3,1,5000
2,2300,0,2,6000,2,1,2,28000
3,1800,2,2,1100,1,2,3,27000
2,450,3,2,1100,0,2,1,10000
2,900,1,1,6000,0,2,2,13000
2,400,2,2,1100,0,1,1,13000
1,500,1,1,6000,2,2,1,18000
2,1200,1,1,6000,1,3,2,28000
2,1000,2,2,5600,1,2,2,22000
2,1250,1,1,5000,0,2,2,14000
2,650,10,2,4000,1,2,2,45000
2,700,2,1,5000,1,2,1,8500
2,1000,2,1,5000,1,2,2,8000
2,600,0,1,7000,0,2,1,6000
2,750,11,2,4000,1,2,2,85000
2,130,2,1,5000,0,2,2,12000
2,935,2,1,4000,1,2,2,65000
2,960,2,1,6000,1,2,2,16000
2,850,2,1,5000,1,2,2,9000
2,650,5,2,4000,0,2,2,35000
3,200,1,2,1100,1,1,3,45000
2,1600,0,1,6000,1,2,2,26000
2,600,0,1,7000,1,2,1,15000
2,600,4,1,5000,0,2,2,8000
2,1000,3,2,5000,1,2,2,15000
1,650,1,1,5000,2,2,1,16500
2,850,0,1,5600,1,2,2,16000
4,2000,0,2,1100,0,1,4,90000
2,700,1,1,6000,0,2,2,7600
2,650,5,2,4000,1,2,2,35000
2,45,2,1,1100,0,2,1,6000
2,700,1,1,1100,0,2,1,13500
2,722,34,2,4000,1,2,2,44000
3,906,7,2,4000,1,2,3,70000
2,888,12,2,4000,2,2,2,63000
2,1000,1,1,5600,1,2,2,10000
2,750,1,1,5600,1,2,1,9500
2,530,2,1,6000,1,2,1,11000
2,900,3,2,1100,1,1,2,25000
3,1158,2,2,6000,1,2,2,16000
2,1000,4,1,5000,0,2,3,12000
3,1200,9,2,4000,2,2,3,140000
1,450,1,1,6000,0,1,1,13000
2,850,1,1,5600,1,2,2,16000
3,850,19,2,4000,1,2,2,80000
2,1150,11,2,4000,0,2,2,110000
3,2200,3,2,5000,1,2,3,45000
1,400,1,1,5000,0,2,1,6500
1,500,1,1,5600,1,2,1,7500
1,700,1,1,5600,1,2,2,13000
2,1600,1,1,5000,0,3,3,20000
3,1286,7,2,4000,0,2,5,100000
2,800,1,1,1100,1,2,2,14000
2,800,1,1,5600,0,2,1,5500
2,750,1,1,5600,0,2,2,12000
3,1893,0,1,5600,1,1,4,30000
3,1800,2,2,6000,0,1,3,45000
2,623,6,2,4000,0,3,2,8000
2,850,2,1,5000,0,2,2,9500
2,500,2,1,6000,0,2,1,12500
3,1050,0,2,7000,0,1,2,20000
2,90,2,1,1100,1,2,2,18000
2,800,1,1,6000,1,2,2,12000
2,90,0,1,5000,0,2,1,10000
1,424,16,2,4000,0,2,2,24000
2,950,1,1,7000,1,2,2,12500
2,670,17,2,4000,0,2,2,45000
1,700,2,1,6000,0,2,1,6500
2,1300,4,1,5000,1,2,2,22000
3,600,3,2,1100,1,2,1,10000
3,2000,1,2,5600,1,2,2,26000
3,1100,0,2,7000,0,2,2,15000
2,1070,2,2,5000,0,3,2,10000
2,800,2,1,5600,0,2,2,12000
1,545,2,1,1100,2,2,1,19000
2,800,1,1,5600,1,2,2,16000
1,570,0,2,4000,0,2,1,30000
2,1040,1,2,5600,1,2,2,20000
2,1000,1,1,7000,0,2,1,7000
2,925,10,2,4000,2,2,3,65000
1,70,1,1,1100,1,2,1,7000
2,600,0,1,6000,0,2,2,9000
1,950,1,1,7000,0,2,2,9000
2,1200,2,1,5000,0,2,2,15000
3,1600,3,1,7000,0,2,2,30000
3,1200,1,2,1100,1,2,2,30000
2,550,0,2,7000,2,2,2,7500
2,600,0,2,1100,1,1,2,20000
3,96,2,1,1100,0,2,2,25000
2,850,15,2,4000,1,2,2,95000
1,300,1,1,7000,0,2,1,5000
1,350,0,1,4000,0,2,1,33000
1,579,3,1,6000,1,2,1,11000
1,510,3,2,4000,1,2,1,35000
1,700,1,2,5000,0,1,1,13000
3,1200,1,2,6000,0,2,2,20000
3,1400,3,1,5000,1,2,3,20000
2,900,1,1,5000,1,2,2,9000
2,700,14,2,4000,0,2,2,38000
2,730,2,2,1100,0,2,2,18000
3,2700,23,2,5000,2,1,3,95000
3,1105,15,2,4000,0,2,3,65000
2,1440,1,1,5000,1,2,2,12000
1,300,0,1,5600,1,2,1,11000
2,600,1,1,6000,2,2,1,9000
1,300,0,1,5000,0,2,1,5000
1,700,5,2,5000,1,2,1,14000
1,300,0,1,5000,0,2,1,5500
1,500,1,1,5000,1,2,1,7500
2,1000,1,1,6000,0,2,2,9500
2,1260,0,1,6000,1,2,3,13000
1,700,1,1,6000,0,2,2,8000
2,771,15,2,4000,0,2,2,43000
2,1100,1,1,5000,1,2,2,13000
3,1500,1,2,6000,1,2,3,20000
1,800,1,2,6000,0,1,1,7500
2,600,0,1,7000,1,2,1,7500
2,674,0,2,6000,0,1,2,15000
2,1000,1,1,7000,2,2,2,25000
3,1650,1,1,6000,0,2,3,45000
2,800,1,1,5000,1,2,2,10000
2,840,1,2,6000,0,2,2,8200
2,1400,0,1,5000,2,2,2,10000
2,550,2,2,7000,1,2,1,8500
2,1050,2,1,6000,1,2,2,22000
1,600,2,1,6000,2,2,1,12500
3,1000,0,1,6000,1,2,1,20500
2,1050,1,2,5000,2,2,2,25000
2,1100,2,2,5600,1,2,2,23000
3,900,0,1,6000,1,2,2,16000
2,900,1,2,5600,1,2,1,10000
2,1200,2,1,5000,1,2,2,15000
2,1350,3,1,5000,1,2,2,16000
3,1100,3,1,5600,0,3,3,13500
2,200,2,1,1100,0,2,1,8000
2,905,10,2,4000,0,1,2,55000
3,1200,1,2,7000,0,3,2,15000
3,2200,3,1,5000,1,2,3,27000
2,1200,3,2,5600,2,2,1,32900
2,100,2,2,1100,1,2,2,28000
2,450,1,2,1100,1,2,1,7500
1,305,2,2,4000,0,2,1,14000
2,1475,4,2,5600,2,2,2,25500
3,1250,15,2,4000,1,3,3,75000
3,2310,3,1,5000,1,3,3,67000
2,630,4,2,4000,0,3,2,20000
1,600,3,1,5600,0,1,1,6000
1,500,2,2,4000,2,3,1,39000
3,1100,2,1,7000,0,2,3,25000
3,890,20,2,4000,2,3,2,90000
2,1250,3,1,5600,1,3,2,20000
1,480,6,2,4000,2,2,2,43500
3,1800,0,1,6000,0,1,2,30000
2,1100,1,1,5000,0,2,2,11000
1,600,3,1,5000,0,2,1,7500
4,2000,9,2,4000,2,2,4,220000
2,1000,0,1,6000,0,2,2,13000
2,1100,2,2,5600,1,2,2,20000
2,1000,0,1,6000,1,2,2,15000
2,450,1,2,7000,0,2,1,5500
2,800,2,1,5000,0,2,1,7000
2,1100,1,1,5600,0,2,2,20000
3,1940,1,2,5000,1,1,3,30000
1,550,2,1,4000,1,2,1,30000
3,1000,2,1,7000,0,2,1,25000
2,800,1,1,5600,2,2,2,14000
3,1750,4,2,1100,1,1,4,110000
4,2079,4,2,4000,1,2,5,190000
2,680,5,2,4000,2,1,2,40000
2,806,3,2,4000,0,2,3,62000
1,350,0,1,5600,0,2,1,6000
2,750,4,1,6000,0,2,2,12000
3,1200,1,1,1100,1,2,2,10500
1,550,1,1,7000,0,2,2,6500
2,1100,2,1,6000,2,2,2,21000
2,900,1,1,5600,1,2,1,8000
1,400,3,2,4000,1,2,1,20000
1,500,2,2,7000,2,1,1,13000
1,350,1,1,1100,0,2,1,3500
2,700,0,2,5600,1,2,1,12000
2,1030,1,2,6000,1,2,2,10000
2,586,0,1,4000,1,2,1,32000
1,400,10,2,4000,1,2,1,50000
3,2430,7,1,5000,1,1,3,55000
2,1135,3,1,5000,1,2,2,16000
2,750,0,1,4000,2,2,2,100000
2,1180,0,1,5600,1,3,2,15000
1,250,2,1,6000,0,2,1,10000
2,518,5,2,4000,1,2,2,28000
3,2000,0,2,5000,1,3,3,55000
3,1500,2,1,1100,2,2,3,70000
1,700,0,1,6000,0,2,1,7000
3,1700,19,2,5600,1,2,3,30000
2,1400,0,1,5000,1,2,2,13000
1,360,3,2,4000,2,2,1,18000
2,200,3,2,5000,0,3,2,13000
3,1000,2,1,5000,0,2,3,20000
2,1100,0,1,7000,0,2,2,10000
2,1000,1,2,5600,0,1,2,15000
2,1000,4,1,5000,2,2,2,16000
2,680,1,1,6000,0,2,2,13000
3,1500,3,1,5000,1,2,3,28000
3,2000,3,2,5600,2,2,2,30000
3,800,1,2,7000,2,2,2,3200
2,600,2,1,5600,1,2,2,9500
2,60,1,1,1100,0,2,1,2000
3,1280,1,1,6000,1,2,2,25000
2,1700,1,1,6000,0,2,2,16000
2,750,0,2,6000,0,2,2,10000
3,1400,1,1,5000,2,2,3,18000
2,1281,1,1,5600,1,2,2,16000
1,42,0,1,1100,1,2,1,10000
3,1600,6,1,1100,0,2,2,30000
3,2000,1,2,1100,1,2,3,29000
2,600,2,1,5600,1,2,1,11000
2,200,2,2,5600,2,2,2,8000
3,1400,4,1,5000,1,2,3,20000
2,880,1,2,6000,1,3,2,20000
2,450,0,2,7000,0,2,1,7000
3,950,15,2,4000,0,2,3,45000
1,30,2,2,1100,2,2,1,5500
2,1100,1,1,5600,0,2,2,14000
2,900,0,2,1100,2,2,2,40000
1,125,1,1,1100,0,2,1,4000
1,600,0,1,5600,0,2,1,4500
3,1060,2,2,6000,0,1,2,23000
2,1100,1,1,5000,1,2,2,14500
3,2352,1,2,5000,1,3,4,45000
3,1500,2,2,6000,0,1,3,27000
2,1200,2,1,5600,1,2,2,16000
2,145,1,1,1100,0,2,2,9000
2,700,0,2,7000,0,1,1,7000
2,120,1,1,1100,1,2,2,14000
1,490,1,2,4000,2,2,1,35000
1,300,0,1,5600,1,2,1,7000
2,1350,1,2,5600,1,2,2,19000
1,750,2,1,5000,0,2,1,6500
3,1000,18,2,4000,2,2,3,84000
2,1450,2,1,5000,1,2,2,20000
2,700,0,1,6000,1,2,2,15000
2,1150,1,2,5600,1,2,2,22000
3,1600,4,2,5000,1,2,3,24000
2,800,2,2,4000,2,3,2,60000
2,1150,5,1,5000,2,2,2,17000
1,100,0,2,5000,0,2,1,9000
2,1100,3,1,5000,1,2,2,13000
1,50,0,2,5600,1,1,1,6900
1,450,1,2,1100,0,2,1,10000
1,800,1,1,6000,0,3,1,5000
1,500,0,1,5600,2,2,1,7500
2,1200,0,1,5600,0,2,2,12000
3,1600,25,2,4000,1,3,4,170000
3,1400,0,2,7000,2,2,2,40000
2,900,2,2,6000,1,1,2,16000
2,1000,0,1,5600,1,2,2,15000
2,800,9,2,4000,1,3,2,35000
2,1200,1,2,5000,0,3,2,10000
2,780,17,2,4000,0,3,2,18000
2,1350,8,1,5000,1,1,2,20000
1,450,2,1,4000,0,3,1,27000
2,600,4,2,4000,0,3,2,40000
2,1025,8,1,5600,0,1,2,14500
2,1125,2,1,1100,2,2,2,52000
3,1070,1,1,6000,0,3,2,15000
2,800,13,2,6000,1,3,2,20000
2,700,1,1,7000,0,2,1,7000
1,500,0,1,6000,1,2,1,9000
2,600,1,1,5000,0,2,1,15000
2,900,0,1,6000,2,2,2,10000
3,2000,0,2,4000,2,3,3,160000
4,1150,0,1,5600,1,2,3,15000
3,1050,13,2,4000,1,1,3,65000
3,800,2,1,7000,1,2,1,8000
1,415,5,2,4000,0,1,2,30000
2,1000,3,1,5600,1,2,2,18000
2,400,2,2,1100,0,1,1,12000
4,1500,2,2,1100,1,2,2,28000
3,1800,3,1,1100,2,2,3,100000
2,600,3,1,5600,1,2,2,23000
2,833,1,1,6000,0,2,2,8500
3,2000,1,1,1100,1,1,3,25000
1,400,1,1,5000,0,2,1,6000
1,475,4,2,4000,1,3,2,32000
1,275,19,2,4000,0,1,1,20000
1,450,0,2,5600,1,2,1,6500
2,1050,0,1,5600,2,2,2,16500
2,610,4,2,6000,2,2,1,23999
3,1400,5,2,7000,2,1,3,25000
3,1250,2,1,5000,1,2,2,25000
1,600,0,1,5600,0,2,1,5500
1,446,2,1,1100,0,2,1,14000
2,625,6,1,4000,1,2,2,40000
1,365,18,2,4000,2,3,1,34000
2,1200,3,1,5600,1,2,2,9000
1,350,2,1,4000,0,2,1,35000
3,1100,11,2,5600,1,1,3,18000
2,649,4,2,4000,1,1,2,55000
1,200,2,1,7000,0,2,1,3000
2,200,2,1,5000,0,2,1,9000
2,460,0,2,7000,0,1,1,8000
3,1650,2,2,6000,1,3,3,27000
2,1100,2,2,5600,0,2,2,21000
3,1700,11,2,5000,2,2,3,58000
2,1000,0,1,7000,0,2,1,7000
3,1200,0,2,6000,0,1,2,32000
2,1200,1,1,7000,1,2,2,22000
3,1000,16,2,4000,1,2,4,85000
2,750,1,2,6000,0,1,2,10000
3,1200,4,2,5600,1,1,3,22000
2,1140,2,2,6000,1,2,2,30000
1,600,3,1,5600,1,2,2,10000
2,980,1,1,6000,0,2,2,15000
3,1000,7,2,6000,0,2,2,18000
3,1200,60,2,4000,1,2,3,110000
1,450,8,2,4000,1,2,1,40000
4,1250,2,2,4000,2,3,4,90000
1,600,4,2,5600,1,2,1,11000
2,1000,2,2,6000,1,2,2,22000
2,780,5,2,6000,0,3,2,7000
2,1000,0,1,6000,0,2,2,10500
2,785,4,2,4000,2,2,2,47000
1,600,2,1,5600,0,2,1,7000
2,400,0,1,5000,0,2,3,16000
2,500,0,1,5600,1,2,2,14000
1,275,3,1,4000,0,2,1,15000
1,300,1,1,5600,0,2,1,6000
1,400,4,2,7000,0,2,1,5000
1,250,1,1,7000,0,1,1,5000
2,1200,0,2,5600,1,2,2,18000
2,1200,4,1,5000,2,2,2,22000
2,950,2,1,1100,0,2,2,22000
2,900,1,1,5000,1,2,2,12500
2,70,1,1,1100,0,2,2,10000
2,1200,0,1,5000,1,2,2,12000
1,600,1,1,5600,1,2,1,13500
2,1065,2,2,5600,1,2,2,18000
2,957,1,2,7000,2,1,2,12000
2,1000,1,2,6000,1,1,2,25000
2,900,2,1,5600,0,2,2,18500
2,700,8,2,4000,1,2,2,48000
1,330,20,1,4000,0,2,1,18000
2,950,3,1,6000,1,2,2,13500
3,960,9,2,4000,1,3,3,130000
3,1912,1,2,6000,0,1,3,35000
2,886,2,1,6000,0,3,2,8500
2,900,2,1,1100,0,2,2,30000
1,502,1,1,6000,0,2,1,10000
2,1100,0,2,7000,0,1,1,8000
3,1850,5,1,5000,1,2,3,27000
1,450,1,1,5000,0,3,1,15000
2,1492,4,1,5000,1,2,2,45000
1,50,1,2,1100,0,2,1,5500
1,385,11,2,4000,0,2,1,18000
2,400,1,2,1100,0,1,1,12000
1,40,3,2,1100,2,2,1,13000
1,450,6,2,4000,1,1,2,35000
2,100,2,2,6000,1,3,2,15000
2,710,5,2,4000,1,2,2,60000
2,1000,2,1,5000,1,2,2,15000
2,850,0,1,5600,1,2,1,12000
2,1800,0,1,5000,1,2,2,15000
3,900,0,1,6000,1,2,2,12000
2,800,2,1,5000,1,2,2,13000
3,1250,3,2,1100,0,2,3,27000
2,583,10,2,4000,0,3,2,34000
2,724,6,2,4000,0,2,2,43000
1,350,0,2,7000,1,2,1,5000
1,400,1,1,6000,1,2,1,7000
3,1783,1,1,5000,1,2,2,32000
1,650,1,1,7000,1,2,1,6500
2,850,3,1,5000,1,2,1,15000
2,900,0,2,7000,0,2,2,15000
3,150,2,2,1100,1,1,2,33500
3,1600,0,2,1100,2,2,2,65000
2,550,2,1,6000,0,3,1,15000
2,1100,0,2,5600,1,1,2,15000
3,1000,9,2,4000,2,2,3,50000
2,950,0,1,6000,1,2,2,13500
2,1050,25,2,4000,0,2,2,95000
2,1000,1,2,1100,0,2,1,13000
2,1200,0,1,7000,0,2,1,12000
3,2200,2,1,1100,0,2,3,35000
2,1300,0,2,5000,1,1,2,15000
2,1050,1,1,5600,1,2,2,16000
1,450,1,1,1100,0,2,1,5000
2,950,1,1,5000,0,2,2,20000
2,700,1,1,5000,1,2,2,12000
2,1300,1,1,5000,0,2,2,10500
3,1700,2,2,6000,1,2,3,25000
2,1400,3,1,1100,0,1,1,14500
2,900,3,1,1100,0,1,2,12500
2,800,10,2,4000,0,3,2,65000
3,1500,1,1,6000,0,2,2,25000
1,400,3,1,5600,1,2,1,6000
2,1500,0,1,6000,1,2,2,19000
1,500,1,1,6000,0,2,1,8000
1,320,5,2,4000,2,2,1,18000
2,600,1,1,5600,1,2,1,8000
1,550,0,2,6000,0,2,1,10000
2,1150,2,2,5600,2,1,2,42000
2,900,0,2,5600,0,2,2,12000
4,1400,10,2,4000,1,2,3,140000
2,1197,0,1,5000,0,2,2,10000
1,480,2,2,4000,1,1,2,33000
2,600,1,2,7000,0,2,1,4000
2,1250,1,2,5600,0,1,2,17500
1,300,1,2,7000,0,2,1,6000
2,850,1,1,6000,0,2,2,8000
1,700,1,1,5600,1,2,1,8500
2,1000,1,2,5000,1,3,2,19000
2,450,1,2,1100,0,2,1,7500
1,430,1,2,4000,2,2,1,60000
2,600,2,2,4000,2,2,1,80000
1,430,4,1,5600,1,2,1,17000
2,950,2,1,5600,0,2,2,14000
3,1350,0,2,6000,1,1,2,35000
3,1190,1,2,7000,0,2,2,10000
2,1144,1,2,6000,1,2,2,22999
2,950,1,1,6000,1,2,2,11000
2,700,0,1,6000,0,2,2,13000
3,1300,1,1,6000,1,3,3,22000
2,800,1,2,5000,0,1,2,7000
2,450,4,1,1100,2,2,1,10000
2,750,0,1,5600,1,2,1,15000
1,450,1,1,6000,0,2,1,12000
1,520,3,1,5000,1,2,1,8000
3,1275,4,2,5000,0,2,2,12000
3,140,0,2,1100,1,1,2,25000
2,900,2,1,1100,0,3,2,35000
2,320,1,2,7000,0,2,1,6000
3,150,1,2,5000,0,1,3,37000
3,1330,1,2,7000,0,1,2,35000
2,1000,3,1,1100,1,2,2,18500
2,966,1,1,6000,1,2,2,16500
2,1000,0,1,5000,1,2,1,23000
2,750,4,1,1100,2,2,2,14000
3,1800,1,2,5000,1,3,3,22000
3,1300,1,1,6000,2,2,2,16000
1,508,16,2,4000,1,2,2,40000
2,50,2,2,1100,1,2,2,15000
2,1100,3,1,5000,0,2,2,10500
1,630,1,2,6000,1,1,1,12500
2,1100,3,1,5600,1,2,2,20000
2,700,0,1,7000,0,2,1,8000
3,1150,2,2,5000,1,3,3,20000
1,400,0,2,7000,1,1,1,10000
3,1800,2,2,1100,1,2,3,30000
2,700,0,1,6000,0,2,2,7000
1,710,1,1,7000,2,1,1,24000
2,55,0,1,1100,0,2,2,12000
2,100,3,1,5000,0,2,2,15000
1,700,3,1,5000,1,2,1,12000
1,350,5,2,4000,0,2,1,30000
1,650,3,1,4000,2,2,2,85000
1,600,0,1,5600,1,2,1,8000
3,1710,6,2,5600,0,2,3,60000
1,400,8,1,4000,0,2,1,22000
2,800,0,1,5000,1,2,2,8000
3,1100,1,2,5600,1,2,2,17000
3,1645,8,2,5000,1,2,3,45000
3,1850,3,2,5600,2,2,3,60000
1,750,2,1,7000,0,2,1,5200
1,480,2,1,5600,2,2,1,8500
4,2600,2,2,6000,1,2,4,140000
3,1050,12,2,4000,0,1,3,60000
1,550,1,1,6000,0,2,1,7000
2,800,1,1,5000,1,2,2,14000
3,2400,5,2,5600,1,2,4,75000
3,1600,2,1,5000,2,2,3,25000
1,585,10,1,4000,1,2,2,36000
1,430,5,2,4000,0,3,1,18500
3,1200,2,1,1100,1,2,2,20000
1,600,3,2,4000,2,3,2,40000
4,2520,2,2,5000,1,3,5,27000
3,1450,3,1,5600,1,2,3,50000
1,600,3,1,5600,1,1,1,12000
1,550,1,2,1100,1,1,1,13000
2,103,0,1,5000,0,2,2,10000
1,500,1,2,4000,0,2,2,55000
3,890,11,2,4000,0,2,2,68000
1,480,4,2,1100,0,2,1,11000
1,400,2,2,5600,1,2,1,6500
2,800,1,1,7000,1,2,2,9000
2,500,1,1,1100,1,2,1,7000
2,900,4,2,1100,2,2,2,27000
2,700,2,1,5000,0,2,2,6500
1,800,0,2,7000,0,2,1,6500
4,2000,4,2,4000,2,2,5,180000
2,550,1,1,6000,0,1,1,8000
2,1500,4,1,4000,1,2,3,65000
1,470,26,2,4000,1,1,1,59000
2,1424,2,1,6000,1,2,2,18000
1,400,8,1,4000,2,2,2,19411
2,890,2,1,6000,0,3,2,14000
2,1220,1,1,5000,1,2,2,17000
3,1200,2,2,6000,0,2,2,15000
2,1200,1,1,5600,1,2,2,10000
2,800,1,1,5600,0,2,2,10000
1,600,3,1,5600,1,2,1,11500
2,800,1,2,6000,1,2,2,19000
2,1600,1,1,5000,0,2,3,16000
2,920,3,2,5000,1,3,2,18500
1,625,4,1,6000,1,2,1,17000
3,900,0,2,1100,1,2,1,18000
1,450,0,2,5600,1,2,1,7000
2,720,14,2,4000,0,1,2,40000
4,1750,5,2,4000,1,2,4,190000
1,600,0,2,5000,1,1,1,15500
4,1545,65,2,4000,1,3,5,250000
2,600,2,2,4000,0,3,1,16000
2,927,3,1,5000,1,2,2,10000
2,900,0,1,6000,1,2,2,15000
1,305,6,2,4000,0,1,1,14000
2,750,12,2,4000,1,2,2,53000
2,500,7,1,5600,2,2,2,5500
2,875,2,1,6000,1,1,2,12000
2,900,1,1,6000,1,2,2,19000
2,770,1,1,6000,1,2,2,9000
1,550,1,1,6000,0,2,1,9000
3,1300,1,1,1100,0,2,2,20000
4,1016,3,2,4000,0,2,3,45000
1,140,2,1,5000,0,2,1,5000
3,2000,0,1,7000,1,2,2,30000
2,1650,0,1,5000,1,2,1,16000
2,1000,1,1,6000,1,2,2,15000
2,450,2,2,1100,1,2,1,9000
2,700,3,2,4000,0,2,2,45000
1,200,0,1,6000,1,2,1,8000
1,424,3,1,4000,1,2,1,14000
1,680,1,1,6000,0,2,1,7000
1,390,4,2,4000,0,2,1,40000
2,700,2,1,1100,1,2,2,12000
1,460,3,2,5600,1,2,1,22000
3,1261,3,2,6000,1,2,3,8500
2,600,1,2,6000,0,2,1,8500
3,225,0,2,5000,0,2,3,15000
3,1603,26,2,5600,1,2,3,52000
3,1800,1,1,5000,2,2,3,35000
2,980,3,1,5600,2,3,2,20000
2,900,1,1,6000,0,2,2,15000
2,950,2,1,5000,0,2,2,11000
3,2400,1,1,5000,2,2,3,47000
2,130,1,1,5000,0,2,2,130000
2,950,2,1,6000,1,2,2,10000
3,2100,3,2,5600,0,1,3,54000
4,1000,1,1,5000,1,2,2,16000
1,450,5,2,4000,1,1,2,25000
2,623,2,2,1100,2,2,1,13500
2,550,0,1,6000,0,2,2,15000
1,650,1,2,6000,1,3,2,12000
2,300,0,2,5600,1,2,2,10000
2,618,4,2,6000,1,2,2,18999
2,1100,0,1,5600,1,2,2,7500
2,900,0,1,6000,0,2,1,8500
3,1000,1,1,5600,1,2,1,13000
1,1000,1,1,6000,0,2,2,11500
2,900,1,1,5600,1,2,2,11000
2,685,10,2,4000,1,1,2,37000
1,750,2,1,5600,1,2,1,10000
3,1900,1,2,5000,1,2,3,23000
1,500,7,1,4000,1,2,2,35000
1,630,0,1,1100,2,2,1,5500
1,550,1,2,5000,0,1,1,14000
1,67,0,1,5000,1,2,1,5500
4,1815,2,1,5000,1,2,3,25000
2,700,0,1,6000,1,2,2,10000
1,550,2,1,5000,1,2,1,9000
3,1800,2,2,5000,1,2,3,26000
3,1000,1,1,1100,0,2,2,25000
4,1649,18,2,4000,1,3,3,270000
2,900,2,1,5600,2,3,1,9000
1,100,3,2,5000,1,2,1,5300
2,1000,2,1,5000,0,2,2,18000
2,1027,15,1,6000,1,1,2,26000
1,600,1,2,5600,0,1,1,5500
1,550,0,1,6000,0,2,1,5000
3,1570,4,1,6000,1,2,3,27500
3,2500,1,2,1100,1,2,3,90000
3,170,4,2,1100,0,2,2,35000
2,800,2,2,6000,1,1,2,14000
3,1950,3,2,5600,1,2,3,100000
1,377,3,1,4000,0,2,2,22000
1,500,1,1,5000,0,2,1,6000
1,225,0,2,1100,1,2,1,7500
2,600,1,1,6000,0,2,1,10000
2,90,2,1,1100,0,2,2,27000
2,600,4,1,5600,2,2,2,10000
1,550,13,2,4000,1,1,1,55000
1,450,3,2,4000,1,2,2,40000
3,2600,2,2,5000,1,2,3,45000
2,750,2,2,4000,2,2,2,65000
1,475,11,2,4000,0,1,2,25000
1,680,0,2,5000,0,2,1,6000
1,475,18,2,4000,0,1,1,40000
2,800,3,2,4000,0,3,2,54000
3,2000,0,1,5000,1,2,3,15000
1,750,1,1,5600,0,2,1,8000
2,400,0,2,7000,0,2,1,7500
4,2550,3,2,6000,1,1,4,120000
3,1200,1,2,6000,0,2,3,10000
2,1000,1,1,5600,0,2,2,14000
1,550,0,2,6000,0,2,1,8900
2,720,4,2,7000,1,2,2,8500
3,850,5,2,4000,0,3,3,45000
3,2000,0,1,1100,0,2,3,30000
1,400,1,1,5600,0,2,1,5000
2,1000,1,2,5600,1,1,2,17600
2,900,0,1,6000,1,2,2,20000
2,1124,1,1,5000,2,2,2,19000
2,600,1,1,6000,1,2,2,13000
1,400,1,2,4000,0,2,1,27000
2,800,5,1,6000,1,2,2,10677
4,2600,2,2,1100,1,2,4,150000
2,700,2,1,6000,0,2,2,14000
2,1050,14,2,4000,2,2,2,70000
1,500,1,1,5600,1,2,1,8000
2,749,2,1,6000,0,2,2,7000
3,1450,1,2,5000,1,3,3,18000
2,1080,3,1,5600,1,2,2,11000
2,1000,1,2,5600,0,2,2,13000
2,790,2,2,6000,1,2,2,10000
3,937,28,2,4000,0,3,4,140000
2,900,1,1,1100,0,2,1,12000
3,1400,16,2,4000,2,1,3,150000
2,800,2,2,6000,1,2,2,10000
1,505,0,1,7000,2,2,1,15000
1,150,1,1,5600,1,2,1,6500
2,550,4,2,4000,1,2,2,32000
1,550,0,2,4000,0,1,1,24000
2,685,2,1,7000,0,2,1,7000
3,1500,1,2,5600,1,2,3,35000
2,745,10,2,4000,1,2,2,42000
2,750,0,1,6000,1,2,2,18500
2,1100,2,1,6000,0,2,2,25000
2,900,3,2,5000,1,2,1,12000
2,2000,0,1,5000,0,2,2,16000
2,600,3,1,5000,0,2,2,9000
2,914,0,1,6000,1,2,2,17000
2,1100,1,2,5600,1,1,2,17000
3,2300,2,2,6000,1,1,3,90000
2,80,3,2,1100,1,2,1,15000
1,160,0,1,7000,0,2,1,3000
2,1000,2,1,1100,1,2,2,30000
2,650,6,2,4000,0,3,2,35000
3,1200,2,1,5600,0,1,2,27000
1,800,1,2,6000,0,2,1,5000
3,2000,1,2,5000,1,2,3,20000
2,774,10,2,4000,1,3,2,42000
2,900,3,1,6000,1,2,2,20000
3,1062,1,2,6000,1,2,2,8500
2,790,3,1,4000,0,2,2,6500
2,750,2,2,4000,0,3,2,40000
3,1500,1,2,1100,0,1,2,30000
3,1800,2,2,1100,1,2,3,30000
4,2100,3,2,1100,1,2,4,90000
3,1700,2,1,5000,1,2,3,23000
1,400,2,1,5600,0,2,1,7000
2,1100,1,1,5600,1,2,2,8900
2,800,2,1,5000,1,2,2,11000
2,1000,4,2,4000,0,1,2,210000
3,2300,1,2,5000,2,1,3,53000
1,480,4,2,4000,0,2,1,7000
2,800,0,2,6000,1,1,2,10000
4,900,3,1,1100,0,2,2,18000
2,1080,3,2,5000,1,2,2,16000
2,650,15,2,4000,1,3,2,58000
2,750,1,2,6000,2,3,2,20000
2,450,1,2,7000,0,1,1,8000
2,1100,0,1,5000,0,2,2,10000
2,800,6,2,4000,0,2,2,57000
3,812,0,1,7000,0,2,2,8000
2,750,8,2,4000,1,2,2,50000
1,450,0,1,7000,0,2,1,4500
3,1800,5,2,5000,0,2,3,30000
2,1100,14,1,4000,2,2,4,50000
2,1200,1,1,5000,0,2,2,8000
1,420,0,1,4000,1,2,1,35000
3,1450,3,2,4000,0,1,3,130000
1,700,1,1,7000,1,2,1,20000
2,600,1,1,5000,0,2,2,8000
1,305,10,2,4000,0,1,1,14000
2,1250,0,1,5000,0,3,2,6000
2,1200,2,1,5600,1,2,2,16500
3,1400,2,1,5600,1,2,3,24000
3,1100,1,2,5000,1,2,1,9000
2,1800,1,2,1100,0,1,1,19000
4,1450,3,1,6000,1,2,4,20000
3,1430,3,1,5600,1,2,2,24000
2,1000,1,1,5600,0,2,2,32000
3,1540,2,1,5000,0,2,2,14000
3,1550,1,2,5600,1,2,3,39000
2,1025,3,1,5600,1,3,2,22000
3,1600,1,2,5000,1,3,3,20000
1,420,3,1,7000,0,1,1,5000
1,550,12,2,4000,2,1,2,60000
3,1350,0,1,6000,2,1,3,20000
3,1480,7,2,5600,2,3,2,65000
2,935,2,1,4000,1,2,2,65000
1,300,0,2,7000,0,2,1,4000
1,250,1,1,5600,1,2,1,7000
2,600,2,1,5600,1,2,1,9000
1,550,3,2,1100,1,2,1,13000
2,100,2,2,1100,0,1,2,25000
2,450,1,2,6000,0,2,1,8500
2,750,2,1,7000,0,2,1,7000
3,1190,5,2,4000,1,2,3,180000
2,450,1,1,7000,0,2,1,6500
3,1570,0,1,6000,1,2,3,24000
1,450,2,1,5600,1,2,1,7000
1,200,0,1,7000,1,2,1,1500
1,400,0,2,7000,1,2,1,6500
2,750,0,2,7000,0,1,1,11000
2,600,2,1,5000,0,2,2,6500
1,625,10,1,4000,1,2,1,20000
2,839,1,1,7000,1,2,2,15000
2,1230,5,1,5000,1,3,2,22000
3,1337,28,2,4000,2,2,3,170000
1,562,3,1,5000,0,2,1,6500
1,450,0,1,6000,0,2,1,6000
1,410,4,2,4000,1,1,1,25000
2,800,5,1,5000,0,2,2,12500
2,1100,2,1,5000,0,2,2,8000
3,1250,2,1,1100,1,2,2,22000
3,1100,2,2,5000,1,2,1,8000
2,1500,15,1,4000,2,2,4,150000
3,1450,2,2,1100,1,1,2,42000
2,1150,2,2,5000,1,1,2,18000
4,400,0,2,1100,0,2,4,100000
2,750,5,2,4000,1,3,2,40000
2,450,1,1,1100,0,2,1,9000
3,1100,0,2,1100,1,2,2,14000
3,1000,2,2,5000,1,3,2,17500
2,1115,2,1,5600,2,2,2,20000
2,1160,3,1,5000,0,1,2,13000
2,850,0,1,5600,1,2,2,14500
3,1800,4,2,5000,1,2,3,22000
2,700,5,2,4000,0,1,2,45000
1,450,7,2,4000,2,2,1,45000
3,1100,2,2,4000,0,3,3,75000
3,100,1,2,1100,0,1,2,45000
1,550,4,1,5000,2,2,1,11000
2,850,0,1,6000,0,3,2,12000
3,1150,1,2,6000,1,2,3,15000
2,380,1,1,1100,0,2,2,5500
1,400,2,2,5600,1,2,1,9000
1,300,2,1,5600,0,2,1,10000
2,700,5,2,4000,1,2,2,35000
4,1800,6,1,1100,1,2,4,30000
2,986,2,2,7000,0,1,1,7000
3,1900,9,2,5000,0,1,3,45000
3,840,1,2,7000,0,1,2,14000
1,500,2,1,5000,0,2,1,4000
3,1250,2,2,1100,0,1,2,23000
3,1330,1,1,6000,1,2,3,21000
1,500,2,1,5600,0,2,1,10000
3,1350,1,1,1100,1,3,3,30000
4,1300,5,2,4000,1,2,4,150000
3,450,2,2,1100,1,1,2,25000
2,600,1,1,6000,2,2,2,12000
2,1130,3,1,5000,0,1,2,21000
2,1000,1,1,5000,1,2,2,12000
2,820,0,2,6000,1,3,2,16000
1,850,3,2,5000,1,1,1,7500
4,2500,1,1,5600,1,3,4,60000
2,700,10,2,4000,2,2,2,55000
1,410,6,2,4000,1,2,1,50000
2,1050,0,1,5000,0,2,2,10500
2,875,12,2,4000,0,2,2,110000
1,440,0,2,4000,1,1,1,23000
1,600,1,1,5600,0,2,1,12000
2,550,0,1,7000,0,2,1,6500
1,500,0,1,5600,1,2,1,6000
2,850,1,2,7000,0,1,2,21000
2,600,2,2,5600,0,1,1,11000
4,1600,0,1,7000,0,2,3,35000
3,1450,4,1,5000,1,2,2,26000
2,500,2,1,6000,1,2,1,10000
2,900,0,1,7000,2,2,1,6000
2,1000,1,1,5600,1,2,2,15000
2,800,4,1,7000,2,2,1,22000
2,1000,5,2,4000,2,2,3,170000
4,2550,2,2,5000,1,2,4,85000
1,600,1,1,5600,0,2,1,12000
2,900,0,1,6000,0,2,2,12000
2,1200,0,1,5000,0,2,2,12333
1,400,1,2,4000,2,2,2,28000
1,500,1,1,7000,0,2,1,8000
2,1100,4,2,5000,1,2,2,21000
2,1156,0,2,5000,0,1,2,9000
2,900,0,2,1100,1,2,2,28500
1,400,3,2,1100,2,2,1,20000
1,350,0,1,6000,1,2,1,6000
3,2000,3,2,6000,1,1,3,100000
2,705,1,2,6000,1,2,2,9000
2,500,2,2,1100,1,2,2,10500
2,450,1,2,7000,0,2,1,5500
4,800,0,1,7000,1,2,3,35000
1,350,2,1,5000,0,2,1,5000
1,600,8,2,7000,0,2,1,6000
2,717,1,1,6000,1,2,2,14000
1,400,2,2,5600,1,2,1,10000
1,500,1,1,5600,1,2,1,7500
1,450,1,2,1100,1,1,1,9300
2,700,3,2,1100,1,1,2,30000
3,1464,2,2,5600,1,2,3,24000
1,750,3,2,5000,1,3,1,13000
2,1100,2,1,5600,1,2,2,22000
3,1700,0,1,5000,2,2,3,37000
1,650,4,2,5600,1,1,1,10000
1,320,2,1,6000,0,2,1,8000
1,550,0,1,6000,0,2,1,12000
3,904,1,1,5600,2,2,2,20000
1,400,1,1,5600,0,2,1,15000
1,410,0,2,4000,0,1,1,16000
2,1150,3,2,1100,0,1,2,30000
2,900,1,2,7000,0,2,2,12000
2,700,0,1,7000,0,2,1,6500
2,1100,2,2,5600,1,2,2,30000
2,1100,3,2,5000,0,1,2,12500
2,1100,5,2,5000,1,2,2,19000
3,1800,1,2,1100,0,2,3,55000
2,1200,0,1,5000,1,2,2,9000
3,1800,1,2,6000,1,1,3,30000
2,1400,5,2,5600,2,1,2,34000
2,724,19,2,4000,1,1,2,77500
1,350,3,1,5600,1,2,1,8000
3,900,1,1,6000,0,2,1,13000
2,850,3,1,4000,1,3,2,35000
1,50,3,2,1100,1,1,1,6000
3,1850,2,2,6000,1,1,3,35000
3,1121,7,2,4000,0,2,3,72000
2,721,3,1,7000,2,2,2,10000
1,600,1,1,5600,1,2,1,8500
2,133,1,1,5000,1,2,2,13000
2,875,4,1,5000,1,2,2,9000
3,1600,1,1,5000,1,2,3,25000
2,900,2,1,5600,1,2,2,14000
3,850,3,1,4000,2,2,2,85000
1,500,2,1,5000,0,2,1,8500
2,650,1,1,6000,0,2,2,10000
1,400,0,2,7000,1,1,1,5000
2,740,0,2,7000,0,1,1,10000
2,1000,3,1,6000,1,2,2,12000
2,500,2,1,5600,1,2,1,9250
2,980,0,2,4000,1,2,2,45000
3,1450,18,2,4000,2,3,3,140000
4,2100,35,2,4000,1,2,4,250000
1,550,1,2,5600,1,2,1,16000
2,800,2,1,5600,1,2,2,10000
1,800,0,2,5600,1,3,1,20000
2,440,2,1,5600,2,2,2,8500
2,1500,1,1,5000,1,2,2,20000
1,300,0,2,7000,0,1,1,5000
3,1350,3,2,5000,1,2,2,14000
2,1450,3,2,5000,0,3,2,25000
2,500,4,2,1100,1,1,2,20000
1,450,1,1,4000,2,2,1,32000
2,100,3,1,1100,0,1,2,16000
2,1000,2,1,5000,0,2,2,7000
2,550,0,1,5600,0,2,2,9000
3,1260,27,2,4000,0,3,3,68000
2,1250,1,1,7000,1,2,2,12500
1,600,0,2,6000,0,2,1,7000
3,1700,4,1,5000,0,3,2,24000
2,1000,0,1,5600,0,2,1,10500
2,1800,0,1,5000,1,2,2,12000
1,700,1,2,6000,0,2,1,8000
1,400,4,2,4000,0,2,1,17500
2,1200,4,2,5600,1,2,2,25000
1,450,0,2,1100,2,2,1,14900
1,450,3,1,1100,1,1,1,11000
2,940,6,1,5000,1,2,2,18000
3,1500,1,2,1100,0,1,3,45000
1,450,2,2,5600,0,1,1,8000
3,1360,3,1,5000,2,1,2,14000
1,550,2,1,1100,1,2,1,17000
1,300,0,1,6000,0,2,1,7000
2,710,8,2,4000,0,2,2,45000
2,650,0,2,4000,1,3,2,8000
1,600,2,1,7000,2,2,1,9000
3,1000,1,2,6000,1,2,3,10000
2,1200,1,2,5600,1,2,2,12000
3,160,2,2,1100,1,2,3,30000
3,1065,4,1,6000,1,2,3,20000
3,240,1,2,1100,0,2,3,65000
3,1800,5,1,5600,1,2,3,14000
2,753,11,2,4000,0,2,2,40000
3,900,0,1,5600,1,2,3,25000
2,800,1,1,7000,0,2,2,8500
2,1350,5,1,5000,1,1,2,30000
4,1691,20,2,4000,1,2,6,180000
3,2200,2,2,5600,1,1,3,45000
2,850,2,1,6000,2,2,2,14000
3,1220,2,2,7000,0,2,2,40000
3,1550,3,2,6000,1,1,2,35000
3,1600,0,2,6000,2,2,3,14000
2,600,1,1,6000,0,2,1,6000
2,720,2,1,1100,1,2,2,13000
2,805,1,1,6000,1,2,2,18000
2,600,2,2,6000,1,2,2,14000
3,1100,2,2,5600,1,3,2,22000
2,850,1,2,1100,1,1,2,18000
5,2300,3,2,5000,0,1,3,45000
2,1300,2,1,5000,0,2,2,10000
1,650,3,1,1100,2,2,1,30000
1,200,1,2,1100,0,1,1,7000
3,1900,2,2,5000,1,2,3,40000
3,1742,23,1,5000,1,3,3,52000
2,900,0,1,1100,1,2,2,20500
1,600,2,1,5600,1,1,1,15000
3,1500,7,2,4000,1,2,4,150000
3,1500,0,2,7000,2,1,2,12000
1,550,5,2,4000,2,2,1,75000
2,100,0,1,1100,0,2,2,8000
3,100,3,1,1100,1,2,2,13000
3,1350,1,2,7000,0,3,2,15000
3,1375,15,2,4000,1,3,3,200000
2,1000,1,2,1100,0,1,2,33000
3,1800,0,2,1100,1,2,3,70000
3,1800,2,1,5000,1,2,3,22000
1,400,1,1,5600,0,2,1,7500
2,723,0,2,7000,2,3,1,15000
3,300,1,2,1100,2,1,3,80000
1,600,2,1,5600,1,2,1,6000
3,1645,6,2,5600,1,2,3,30000
3,1834,12,1,5000,1,2,3,44000
3,1300,1,2,4000,2,1,3,190000
1,500,1,1,5600,0,2,1,5000
2,850,2,2,5600,1,2,2,28000
1,850,0,2,7000,0,1,2,8500
2,1000,2,1,5600,1,2,1,18000
1,300,1,1,5000,1,2,1,8000
1,650,0,1,5000,0,2,1,6500
3,800,0,2,7000,0,1,1,10000
2,920,0,1,5000,0,2,2,6500
2,800,0,1,5000,0,2,2,10000
2,850,0,2,5000,1,3,2,9000
3,1500,3,2,6000,1,3,3,27000
1,350,2,1,5600,0,2,1,8000
3,1550,4,2,5000,0,1,2,26000
3,800,1,1,1100,0,2,2,11000
3,1200,0,1,6000,1,3,3,26000
2,800,0,1,5000,0,2,2,15000
1,600,2,1,5000,0,2,1,6500
1,490,12,2,4000,0,2,2,14500
4,1400,2,2,1100,1,2,2,28000
2,1450,2,1,5000,1,2,2,20000
2,1285,2,1,5000,1,2,2,10000
2,960,0,1,7000,1,2,2,6000
2,1340,7,1,6000,1,3,2,25000
2,1100,2,1,5000,0,2,3,10000
1,550,2,1,5000,1,2,1,8000
2,760,9,2,4000,1,2,2,70000
1,330,4,1,4000,1,3,1,25000
2,950,4,2,5600,0,2,2,90000
3,1250,5,2,4000,1,2,3,150000
3,1500,5,2,1100,1,2,3,25000
2,1250,0,2,6000,1,2,2,11500
2,700,0,2,6000,0,2,1,9500
2,635,2,2,6000,1,1,2,11000
1,400,0,1,5600,0,2,1,5500
3,1900,2,1,1100,2,2,3,75000
1,20,2,1,7000,0,2,1,5000
1,700,1,1,5600,0,1,1,6500
2,1200,1,1,5600,1,2,2,15000
3,920,4,2,4000,0,3,3,85000
1,400,4,2,1100,1,1,1,7000
3,1000,3,2,4000,2,1,2,90000
1,700,2,1,6000,1,2,1,8000
2,1200,2,1,7000,1,1,2,6000
2,1000,2,1,6000,0,2,2,14000
3,1100,2,1,5000,1,2,3,20000
1,600,4,2,5600,0,1,1,16500
1,300,2,1,5600,1,2,1,6500
1,360,1,1,6000,1,2,1,8000
2,1650,2,2,1100,2,1,2,45000
6,1800,1,1,6000,2,2,6,60000
1,450,4,2,4000,0,2,2,38000
2,650,5,2,4000,0,3,2,35000
3,1100,4,2,6000,1,2,2,26000
2,700,2,1,4000,1,2,2,31000
2,850,1,2,7000,1,1,1,16000
3,1550,1,2,5600,1,1,3,24000
1,450,1,2,1100,2,2,1,18000
2,1025,2,2,5600,1,2,2,30000
2,490,2,2,4000,2,2,2,45000
2,850,0,1,6000,2,2,1,15000
3,1740,21,1,4000,2,2,4,100000
3,1100,8,2,4000,1,2,3,160000
1,300,3,2,1100,1,1,1,18000
2,750,2,1,4000,2,1,2,45000
1,428,12,2,4000,0,2,1,21000
3,1500,2,2,5000,1,3,3,34000
1,950,1,1,5000,1,2,1,7000
3,2395,14,2,5000,1,3,3,75000
2,1000,2,2,4000,2,2,2,230000
2,600,1,1,5600,0,2,1,8000
1,300,1,1,5000,0,2,1,7000
2,900,0,1,5600,0,3,2,25000
2,1000,2,1,6000,1,2,2,13000
3,1250,4,1,5000,2,1,2,35000
2,950,0,1,6000,1,2,2,9500
2,1050,0,1,7000,0,2,2,10000
1,444,8,2,4000,0,1,2,40000
2,50,2,1,1100,0,2,2,16000
2,790,9,2,4000,0,2,2,55000
2,700,1,1,5600,0,2,1,6000
1,560,2,1,6000,0,2,1,7500
2,70,2,1,1100,1,2,2,15000
2,700,5,2,4000,0,3,2,35000
2,585,7,2,4000,1,2,2,47000
2,950,9,2,4000,2,2,2,65000
4,1200,5,1,7000,2,2,2,10000
1,600,0,1,5600,1,2,1,8000
3,1265,2,1,5000,1,2,3,13000
3,1100,1,1,1100,1,2,3,45000
1,600,1,2,5600,1,1,1,14500
2,1250,1,1,6000,1,3,2,19000
3,1350,1,1,6000,0,2,3,15000
3,1068,0,1,7000,1,2,2,15000
2,750,0,1,6000,0,2,2,12000
2,760,1,1,5000,0,3,2,5800
1,550,6,2,4000,2,2,2,75000
1,500,8,2,4000,2,2,2,35500
1,380,3,2,4000,1,2,1,25000
2,700,1,2,6000,0,2,3,9000
1,200,2,1,5600,1,2,1,7000
2,1221,2,2,5600,0,1,2,19000
3,2000,0,1,6000,1,3,2,22000
2,580,3,1,6000,1,2,2,8500
1,40,0,1,5000,0,2,1,5500
1,450,0,2,1100,2,2,1,18000
3,1970,5,1,5000,1,2,3,25000
2,800,0,1,5000,0,2,2,7000
2,1140,5,1,5000,2,3,2,30000
3,1380,9,2,4000,1,2,3,75000
1,550,0,1,6000,0,2,1,7000
3,970,1,2,4000,2,2,2,75000
4,2200,11,2,4000,1,2,5,200000
1,430,14,2,4000,1,2,2,30000
2,750,1,1,6000,0,2,2,11000
2,950,2,2,5600,1,2,2,11000
1,450,1,2,5600,1,2,1,7000
1,450,3,1,5000,0,2,1,8000
2,850,1,2,7000,1,2,1,15000
2,1000,1,3,6000,2,2,2,15000
1,450,3,1,1100,0,1,1,10000
2,84,0,1,1100,1,2,2,23000
3,1100,1,1,1100,1,2,4,35000
1,350,2,1,5600,0,2,1,9000
2,1200,1,1,5000,1,2,2,7500
2,750,10,2,4000,0,2,2,55000
1,550,0,1,7000,1,2,1,7000
2,780,1,1,6000,2,2,1,15000
2,1170,2,1,5000,0,2,2,15000
2,976,1,1,5600,1,2,1,15000
2,1000,3,1,5600,1,2,2,17000
1,410,2,2,1100,0,1,1,8000
1,400,1,1,5600,0,2,1,6000
2,450,1,1,6000,1,2,1,7000
3,1800,10,2,4000,2,3,4,260000
1,550,2,2,6000,0,1,1,10000
1,500,0,1,5000,0,2,1,5500
2,1145,4,1,6000,1,1,2,25000
3,1350,14,1,5600,2,2,3,30000
1,422,9,2,4000,1,3,2,6500
3,1850,6,2,5600,1,1,3,75000
1,600,5,1,4000,1,2,1,42000
3,830,3,1,7000,0,2,2,15000
1,1200,2,1,7000,1,2,1,13000
3,1500,6,2,4000,2,2,3,90000
2,800,0,2,7000,0,2,2,14000
1,700,1,1,6000,1,2,1,12000
3,950,2,2,4000,0,2,3,55000
3,1800,0,2,5000,0,2,3,17000
2,1100,2,1,5000,1,2,2,16000
2,1200,1,1,5000,0,2,2,15000
2,850,0,2,5000,0,1,2,12500
1,60,3,1,1100,0,2,1,14000
2,800,0,2,7000,0,2,2,6500
3,1250,1,2,1100,0,2,3,14500
2,694,1,2,4000,1,2,2,75000
1,550,4,1,4000,1,2,2,27000
3,800,2,2,1100,0,1,2,15000
3,2400,1,2,6000,1,2,3,90000
2,700,0,1,1100,0,2,2,12000
2,800,0,1,6000,0,2,2,5000
3,1473,23,1,5000,2,2,2,40000
2,900,3,2,1100,0,2,1,18000
1,500,0,1,7000,1,2,1,3000
2,1150,4,1,5000,1,2,2,15000
2,800,2,1,6000,0,2,2,16000
1,600,2,1,4000,1,2,1,21000
2,805,30,2,4000,1,2,3,58000
2,1300,3,1,5600,1,2,2,35000
1,500,2,1,5000,2,2,1,10000
1,300,0,1,6000,0,2,1,3500
1,500,1,2,5600,1,1,1,10000
2,750,3,1,5000,0,2,2,11000
2,780,14,2,4000,0,2,2,41000
3,1250,15,2,5600,1,1,3,30000
1,450,4,2,5600,1,2,1,11000
1,400,2,2,1100,0,2,2,9000
2,800,3,1,1100,1,2,2,20000
1,580,1,1,6000,0,2,2,8000
3,1200,0,2,7000,1,1,2,20000
4,2608,1,2,5600,1,1,3,61500
2,950,1,2,5600,2,2,3,16000
3,704,5,2,4000,0,2,2,15000
3,1250,2,2,6000,1,1,3,40000
2,780,1,2,6000,1,3,2,11000
3,1200,4,2,5600,0,1,2,22000
3,2500,2,1,5000,0,2,2,35000
2,720,12,2,4000,1,2,2,56000
3,1400,3,2,1100,0,3,3,25000
2,600,9,2,4000,1,2,2,50000
1,450,2,1,5000,0,2,1,6000
4,2000,33,2,4000,2,1,4,250000
2,1200,7,2,4000,2,2,3,180000
1,200,2,1,1100,0,2,1,5500
2,2000,0,2,7000,0,2,1,11000
2,1200,0,1,5600,0,1,2,16000
2,500,1,2,5600,1,2,2,12500
2,850,1,2,7000,1,1,2,10000
4,2240,0,2,6000,2,2,4,100000
2,700,0,2,6000,1,2,1,8500
3,1330,17,2,4000,0,1,4,140000
3,2000,1,1,6000,0,2,3,30000
2,600,2,2,5600,1,1,2,12000
2,740,1,1,6000,0,3,2,9000
1,350,1,2,1100,1,2,1,6000
1,550,7,2,4000,2,2,2,75000
3,75,4,1,1100,0,2,1,10000
2,650,8,2,4000,2,1,2,55000
3,1100,12,2,4000,0,2,3,69000
2,900,0,2,5600,2,2,2,20000
2,1200,0,1,5600,0,2,2,14000
3,1121,30,2,4000,2,2,2,75000
3,2400,3,1,5600,1,2,3,28000
2,1153,15,1,6000,1,3,2,23000
3,1100,0,2,7000,0,1,2,20000
3,1157,4,1,6000,0,2,3,15000
2,710,13,2,4000,1,2,2,44000
2,700,0,1,6000,2,2,1,9000
2,1000,1,1,5000,0,1,2,9000
1,500,1,1,6000,1,2,1,3500
2,900,0,1,1100,1,2,2,13000
1,450,1,1,1100,2,2,1,7000
2,649,5,2,4000,1,1,2,56000
2,800,2,2,1100,0,2,3,22000
3,889,7,2,4000,1,2,2,84500
2,700,0,2,7000,1,2,2,7000
1,800,1,2,5600,0,2,1,7000
2,1050,1,1,6000,1,2,2,10000
1,630,3,1,4000,1,2,2,7500
2,1000,0,1,6000,1,2,2,20000
1,472,13,2,4000,1,1,2,27000
1,250,0,1,7000,2,2,1,4700
2,900,27,2,4000,1,2,2,85000
1,600,0,1,5000,1,2,1,6000
1,150,4,2,1100,2,2,1,7500
1,390,3,2,4000,0,2,1,10000
2,1200,0,1,5000,0,2,2,9000
3,1100,6,2,4000,2,2,3,69999
1,350,0,2,7000,0,2,1,7000
2,1200,0,2,5600,1,2,2,15000
3,950,3,2,1100,1,1,2,12000
2,850,1,1,6000,1,2,2,19000
1,310,0,2,4000,0,1,1,20000
3,1400,1,2,5000,1,2,2,22000
3,1700,1,2,1100,1,1,3,52000
2,1200,2,1,6000,0,2,2,14000
3,937,16,2,4000,2,3,2,130000
4,1600,0,2,7000,0,1,2,30000
3,1050,5,2,6000,1,2,3,28000
1,500,0,1,6000,0,2,1,8500
2,800,6,2,4000,1,2,2,95000
3,1800,1,2,1100,1,2,3,80000
2,900,0,1,7000,0,1,1,15000
2,400,2,1,7000,0,2,1,6000
2,200,1,2,5000,0,1,2,12000
2,550,1,1,4000,1,2,2,65000
1,500,3,1,4000,2,2,1,30000
1,200,1,2,6000,1,2,1,8500
3,1100,1,2,1100,0,1,3,50000
1,55,0,1,1100,0,2,1,8500
1,450,3,2,6000,0,1,1,13500
3,1088,16,2,4000,1,2,3,75000
1,350,3,1,5600,0,2,1,6000
2,900,0,1,7000,0,2,1,10000
2,660,0,2,6000,1,3,2,13000
1,420,5,2,4000,1,2,2,23000
1,650,1,1,5000,2,2,1,9000
1,500,4,2,4000,2,1,1,48000
2,750,4,2,1100,0,1,2,18000
2,750,1,1,6000,0,2,2,9000
1,400,2,1,1100,1,2,1,9500
3,1500,2,1,6000,1,2,3,36000
2,900,7,2,4000,1,1,2,50000
2,1000,1,1,1100,0,2,2,12000
2,850,3,1,5600,1,2,1,12000
3,868,9,2,4000,0,3,3,55000
2,1000,2,1,6000,1,2,2,17000
2,1300,2,1,5600,0,1,2,24000
2,950,1,1,5600,1,2,2,12000
3,1450,0,1,5600,1,2,3,22000
1,48,1,1,1100,1,2,1,12000
2,1200,0,1,5600,0,2,2,12000
3,2710,4,1,5600,1,1,3,52000
2,846,2,2,5600,1,2,2,22000
2,650,5,2,4000,0,2,2,55000
3,1680,4,2,5600,1,1,3,62000
3,932,14,2,4000,1,2,3,89000
2,890,3,1,6000,0,1,2,12500
3,1100,0,1,6000,1,2,2,22000
2,1400,1,1,5600,2,2,2,16000
2,1374,2,1,5000,1,2,2,14000
3,1700,0,2,6000,2,2,6,20000
2,1175,5,1,5000,0,2,2,12000
1,400,3,2,4000,2,2,1,32000
2,800,0,1,5600,1,2,1,15000
1,450,3,2,5600,1,2,1,10000
1,750,0,1,5600,0,2,1,8000
1,500,0,2,7000,0,2,1,5500
3,1080,5,2,4000,0,2,3,100000
1,450,3,2,1100,1,1,1,11500
2,700,1,1,7000,2,2,1,20000
1,600,1,2,7000,0,2,1,9500
1,900,0,1,5600,1,2,1,9500
3,1200,0,1,5600,0,2,2,12000
1,800,1,1,5600,0,2,1,10000
2,800,2,1,6000,0,2,2,10000
2,900,0,1,5000,2,2,1,8000
3,1789,8,1,5600,1,3,3,32000
2,990,0,1,5000,0,1,2,9000
1,500,0,1,6000,0,2,1,7500
3,1350,5,2,4000,0,3,3,90000
3,1567,3,2,6000,2,2,3,26000
1,550,2,2,5600,1,2,1,16000
1,350,1,1,5000,1,2,1,6000
1,450,0,1,7000,1,2,1,5000
2,1150,1,2,6000,0,1,2,14500
2,730,1,1,6000,0,2,1,9300
2,900,0,2,7000,0,1,2,10000
2,805,1,1,6000,0,2,2,8000
1,550,1,1,5600,1,2,1,7000
3,1700,3,1,6000,2,2,3,40000
2,650,2,2,1100,0,2,1,12000
2,150,0,2,1100,0,2,2,38000
2,850,0,1,7000,0,1,1,7000
2,800,2,1,1100,2,2,1,20000
1,520,3,2,1100,1,2,1,12000
3,2061,1,1,5000,2,2,3,30000
2,742,17,2,4000,0,3,2,48000
2,1100,0,1,6000,1,2,2,30000
3,1500,0,2,6000,1,2,3,30000
2,700,0,1,5600,1,2,1,11500
1,500,1,1,6000,1,3,1,15000
2,1050,1,2,5600,1,2,2,18000
1,500,1,2,4000,2,1,2,32000
2,700,1,2,6000,1,1,2,9000
2,500,1,2,4000,2,2,2,80000
2,750,10,2,4000,0,2,2,60000
2,600,0,1,7000,1,2,2,18000
2,778,4,1,6000,0,2,2,10000
2,75,3,1,1100,0,2,2,15000
3,1428,0,1,6000,0,1,2,40000
2,1200,3,1,5600,2,2,2,15000
2,850,1,2,5600,1,3,2,13000
2,1800,2,1,5000,0,3,2,10000
2,1180,4,1,5000,1,2,2,15000
2,700,1,1,5600,1,2,1,10000
1,560,1,2,4000,2,2,1,80000
1,850,0,1,6000,0,2,1,10000
3,1500,17,2,4000,0,2,4,110000
3,1400,2,2,5600,2,2,2,30000
1,700,7,2,5600,2,2,1,24000
4,2120,46,2,4000,2,2,5,250000
4,300,2,2,1100,1,2,3,35000
1,350,0,1,6000,0,2,1,3000
2,700,0,1,1100,0,1,1,10000
3,1320,0,2,7000,0,1,2,35000
2,1150,3,2,5600,1,3,2,17500
2,1060,2,1,5000,1,2,2,8500
2,1115,1,1,5600,1,2,2,22500
1,700,1,1,7000,0,2,1,6000
2,1350,1,1,5600,1,2,2,10000
1,500,1,1,5000,1,2,1,10000
3,1076,9,2,4000,1,2,2,110000
2,850,1,1,7000,0,1,2,10000
3,1400,4,2,4000,1,3,2,98000
1,500,1,1,5000,0,2,1,7000
3,1374,0,1,5600,1,3,2,22000
1,220,0,1,7000,0,2,1,5200
2,1000,5,1,5000,1,3,2,17000
1,500,9,2,4000,2,2,1,60000
2,1000,0,1,5600,1,2,1,15000
3,214,2,1,5000,2,1,4,30000
3,1250,0,1,7000,1,2,2,15000
1,450,6,2,4000,2,2,1,23000
1,350,0,1,6000,0,2,1,6500
3,2000,3,2,6000,1,1,3,70000
3,950,0,2,7000,0,2,2,13000
2,2200,1,2,1100,0,1,3,80000
2,900,7,1,4000,1,2,2,20000
3,1300,3,2,1100,1,1,3,35000
1,500,2,2,5600,1,2,1,15000
2,550,4,2,5000,0,1,1,8000
2,750,2,2,4000,0,1,2,95000
2,585,1,1,6000,0,2,2,30000
2,850,4,2,4000,0,2,2,85000
2,55,3,1,1100,0,2,1,10000
1,350,1,1,6000,0,2,1,3000
1,750,2,1,5000,0,2,1,9000
2,750,1,2,4000,1,3,2,39000
1,375,1,2,7000,0,2,1,5500
2,985,7,2,4000,0,2,2,51000
3,1450,9,2,4000,1,2,5,130000
1,250,0,2,7000,0,2,1,5000
2,1250,1,1,5000,1,2,2,16000
2,600,0,2,7000,0,1,1,6800
2,830,0,1,6000,1,3,2,11000
1,650,1,1,5000,1,2,1,10500
3,1200,1,2,7000,1,2,1,18000
1,450,0,2,1100,0,1,1,8000
3,950,1,2,7000,1,2,2,14000
2,700,3,1,6000,1,2,2,22000
2,650,0,2,1100,1,2,2,15000
3,1500,4,1,5000,1,2,3,18000
4,2400,0,2,6000,0,1,3,40000
2,600,1,1,6000,1,3,1,10000
1,850,3,1,5000,0,2,2,4700
3,1400,4,1,5600,1,2,3,26969
2,1050,5,2,5600,1,2,2,20000
1,750,2,1,6000,1,2,1,7000
2,950,2,1,1100,1,1,1,12000
1,488,0,2,4000,1,2,2,30000
2,600,3,1,5600,2,2,1,10000
1,200,4,1,5600,0,2,1,4500
2,1200,0,1,5000,1,2,1,20000
1,700,0,1,5600,2,2,1,9000
2,720,5,2,4000,0,2,2,55000
1,700,1,2,5000,0,2,2,13000
1,320,1,2,7000,2,1,1,14000
3,1290,4,1,6000,0,2,3,25000
3,1840,3,1,5000,1,2,3,22000
3,1200,14,2,4000,1,2,3,120000
2,1100,0,2,7000,0,1,2,23000
3,1205,2,1,1100,2,2,2,30000
2,700,0,2,7000,0,2,2,14000
2,700,4,2,7000,2,2,1,8000
2,700,1,1,5600,1,2,2,15000
1,500,2,1,5000,1,2,1,7500
3,1500,3,1,5000,0,2,3,15000
2,1305,1,1,5600,1,2,2,25000
1,450,1,1,5000,0,2,1,9000
3,1875,3,1,5600,1,2,2,30000
2,500,2,1,1100,0,2,1,9300
2,800,1,1,5600,0,2,2,12000
2,600,2,1,5600,1,2,1,13000
1,400,1,1,5600,2,2,1,6000
2,800,1,1,7000,1,2,1,20000
2,700,1,1,6000,0,2,1,8000
1,150,3,2,5000,0,2,1,10500
1,400,1,1,5600,1,2,1,8000
3,1000,1,2,6000,0,1,2,16000
3,1250,2,2,5000,1,3,3,12000
3,1200,3,2,1100,1,1,2,35000
2,700,1,1,6000,0,2,2,11200
1,430,2,2,4000,0,3,1,32000
3,1450,1,1,5000,0,2,2,20000
4,1600,9,2,4000,0,3,4,120000
3,1700,6,1,5600,2,3,3,31000
3,1000,1,2,6000,0,1,3,23000
1,450,2,2,1100,2,2,1,12500
3,1600,2,2,5600,1,3,2,30000
3,2000,1,1,5000,0,2,5,30000
1,450,0,1,7000,0,3,1,6000
4,1900,5,2,4000,2,2,3,200000
2,843,2,1,6000,1,2,2,9000
1,200,0,1,5000,0,2,1,3300
2,750,4,2,5600,0,2,2,25000
3,1430,1,2,5000,2,2,2,15500
2,950,1,1,5000,0,2,2,7500
1,600,0,1,5000,2,2,1,9000
2,1000,2,1,5600,0,2,2,15000
2,1450,2,1,5000,1,2,2,15000
2,800,1,1,5000,1,2,2,15000
2,600,8,2,6000,0,1,2,15000
3,1422,4,1,5000,1,2,3,15000
2,950,2,2,4000,2,1,2,60000
2,500,2,2,5600,1,2,2,8500
3,1250,0,1,7000,0,2,2,30000
2,850,1,2,7000,1,1,1,16000
2,700,3,2,4000,2,3,2,80000
2,650,1,1,7000,0,2,1,8000
2,630,10,2,4000,0,1,2,45000
2,895,32,2,4000,1,2,2,190000
1,500,0,2,5000,2,2,1,5000
2,880,1,2,6000,0,3,2,12000
1,300,4,1,1100,0,2,1,6500
2,700,0,2,6000,0,2,2,20000
2,650,2,1,5000,0,3,2,5000
2,1000,0,1,6000,0,2,2,17000
2,600,1,1,6000,0,2,1,12500
2,650,3,1,5600,1,2,1,12500
3,1360,6,1,5000,1,2,3,15000
2,730,5,2,4000,0,3,2,45000
1,550,0,1,5000,0,2,1,8500
2,1250,3,1,5600,1,2,2,19000
1,460,2,1,4000,0,2,1,22000
4,1500,0,2,7000,0,1,2,40000
3,900,2,1,5600,2,2,2,18000
2,850,5,2,6000,0,1,2,20000
3,1500,3,2,5600,1,1,3,60000
2,990,3,1,5000,2,2,2,18000
2,650,1,2,7000,0,2,2,5500
2,1200,1,1,5000,0,2,2,16000
2,875,0,1,5600,1,2,2,9000
1,550,2,1,6000,2,2,1,8000
2,1020,1,2,5600,0,2,2,12000
3,1197,18,2,4000,1,2,3,160000
2,696,13,2,4000,1,2,2,55000
1,320,2,1,4000,1,2,1,25000
2,1100,1,1,5000,2,2,2,25000
2,950,0,1,6000,0,2,2,15000
2,900,2,2,1100,1,1,2,22000
2,800,5,2,4000,1,2,2,50000
4,2200,2,1,6000,1,3,5,75000
2,853,4,1,5000,1,2,2,7500
2,1300,1,2,5000,1,1,2,12000
2,800,2,2,4000,0,3,2,46700
2,900,2,1,5600,1,2,2,11000
3,1100,21,1,4000,0,3,2,40000
1,430,4,2,4000,0,2,2,40000
2,1150,1,1,5000,2,2,2,14000
1,900,3,2,5600,1,1,1,9000
1,450,0,1,6000,0,2,1,7500
1,450,1,2,1100,2,2,1,17000
1,600,0,1,5600,0,2,1,8000
3,1152,12,2,4000,2,2,2,90000
2,1100,1,1,5000,0,2,2,10000
2,1500,2,1,5000,0,2,2,15000
2,800,1,1,7000,2,2,1,6700
4,2400,2,1,5000,1,2,4,31000
1,240,1,1,1100,0,2,1,4500
2,650,1,2,7000,0,3,1,7900
3,1450,8,2,6000,2,2,3,22000
3,1146,1,2,6000,1,2,2,25000
2,700,1,1,5600,1,2,2,11500
2,680,3,2,4000,0,1,2,45000
1,600,2,2,5600,1,2,1,9000
1,300,3,1,5000,0,2,1,4000
1,380,12,2,4000,0,2,2,36000
2,750,3,1,6000,0,2,3,20000
1,500,3,2,4000,1,2,1,24000
2,900,1,2,6000,0,1,1,8500
2,550,2,1,5000,0,2,2,8000
2,1050,0,1,5000,0,2,2,9000
2,720,0,1,7000,0,1,2,12000
3,1300,5,2,4000,1,2,3,170000
2,1400,0,1,5600,2,2,3,15000
3,2100,2,2,6000,0,1,3,90000
2,1150,4,1,5000,1,2,2,18000
4,2400,4,1,1100,0,1,3,40000
3,2000,3,1,5600,1,1,3,65000
2,700,0,2,4000,1,1,2,70000
2,1100,0,2,6000,1,3,1,12000
3,1200,2,1,5000,1,2,3,20000
2,1800,0,1,1100,1,1,2,30000
2,900,0,2,1100,0,2,2,35000
3,1233,14,2,4000,1,2,4,98000
3,1200,1,1,5000,1,2,4,24000
2,1250,0,1,5000,0,2,2,13000
1,435,9,2,4000,1,1,2,23000
1,500,0,1,6000,0,2,1,6800
2,628,4,2,4000,0,2,2,43000
1,428,7,2,4000,1,2,2,33000
2,100,0,1,1100,0,2,2,23000
1,550,1,2,5600,1,1,1,12000
2,1000,3,1,5000,1,2,2,12000
2,400,2,2,7000,0,1,2,9000
2,680,2,2,1100,2,1,1,25000
2,900,1,2,4000,2,3,2,50000
2,900,2,1,5000,0,2,2,18000
2,710,3,2,4000,0,2,2,40000
3,950,3,2,6000,1,2,2,14000
3,2064,11,1,6000,1,3,4,25000
2,800,0,1,5600,0,2,2,11000
2,900,1,1,6000,1,3,2,18000
1,560,2,2,4000,0,1,2,30000
2,500,11,1,7000,1,2,2,6000
3,1900,4,2,5000,1,2,3,40000
2,661,17,2,4000,1,2,2,38000
2,750,0,1,7000,2,2,1,4500
2,770,2,2,4000,1,1,2,45000
2,1100,0,1,5600,1,2,2,11000
2,710,12,2,4000,0,3,2,30000
1,350,1,1,1100,2,2,1,13000
2,700,25,2,4000,1,2,2,85000
2,800,3,1,5600,1,2,2,10500
3,1000,3,2,4000,1,3,3,140000
3,1760,8,1,6000,1,2,3,33000
2,1300,0,1,6000,1,2,2,29000
1,320,12,1,4000,2,3,1,30000
2,1100,17,2,6000,1,3,2,14000
3,1800,3,2,1100,1,2,3,32000
3,920,14,2,4000,0,2,3,70000
3,1000,12,2,4000,1,2,3,70000
1,550,4,2,4000,2,3,2,27000
2,80,1,1,1100,0,2,2,35000
2,800,0,1,7000,0,2,1,5146
2,1500,0,2,5000,0,3,2,13000
3,1500,2,2,5000,2,3,3,16000
1,600,1,2,5600,1,2,1,7700
3,1730,7,1,5000,1,2,3,30000
2,800,0,2,6000,1,2,2,9000
2,900,4,2,5600,1,1,2,14000
1,800,3,1,5600,0,2,1,8000
2,836,6,2,4000,0,2,2,80000
3,1360,1,1,5600,1,2,2,21000
3,900,0,2,7000,1,2,2,10000
1,610,10,1,5600,1,2,1,17000
1,445,1,2,5600,1,2,1,9000
2,751,3,2,4000,1,3,2,47000
1,800,1,2,1100,0,1,1,10000
2,630,3,1,5600,2,2,2,12000
2,1100,1,1,5000,2,2,2,25000
1,300,10,1,5000,2,2,1,10000
1,80,0,1,5000,1,2,1,3000
2,1100,0,2,7000,0,2,2,8500
1,500,0,1,1100,0,2,1,11000
2,751,16,2,4000,1,2,2,50000
2,1200,0,2,6000,1,1,2,14000
4,2700,11,1,5000,2,2,4,52000
1,500,2,1,4000,1,2,2,25000
3,1500,0,1,5000,1,2,2,18000
2,980,3,1,6000,0,2,2,20000
2,1050,2,2,5000,1,2,2,16000
2,1300,3,1,5000,1,2,2,25000
2,550,1,1,5000,0,2,2,12000
1,500,0,1,6000,1,2,1,7000
3,999,14,2,4000,1,3,2,55000
3,1500,0,1,5600,1,2,2,25000
2,585,2,2,1100,1,2,1,14000
1,520,2,1,6000,1,2,1,18000
2,1000,1,2,1100,1,1,2,14000
1,600,3,2,5600,1,2,1,15000
3,1300,3,1,1100,1,2,2,24000
2,975,0,1,1100,1,2,1,18000
2,600,2,2,1100,0,1,2,14000
2,850,3,1,5600,1,2,2,18000
2,600,2,2,1100,1,1,2,11000
2,800,0,2,6000,0,2,2,22000
1,160,2,2,4000,0,2,1,16000
3,1920,6,1,6000,1,3,3,47500
1,500,0,1,6000,0,2,1,7000
2,1000,0,1,5000,1,1,3,12000
2,1000,0,2,5600,1,3,2,18000
1,600,1,1,5600,1,2,1,10000
2,535,3,1,5600,0,2,1,10000
1,330,13,2,4000,2,3,1,30000
2,103,2,1,5000,0,2,2,9500
1,600,2,1,5600,1,2,1,12000
2,650,1,1,1100,0,2,1,8000
2,970,0,1,6000,2,2,2,18000
1,300,0,1,5600,0,2,1,5000
3,1500,1,1,5000,1,2,3,20000
2,663,25,2,4000,0,2,2,43000
3,1838,4,1,5000,0,1,3,57000
1,596,1,1,4000,1,2,1,25000
2,800,9,2,4000,2,2,2,100000
1,550,2,2,5600,1,1,1,20000
2,800,2,2,7000,0,1,1,12500
2,650,2,1,7000,0,2,1,8000
2,620,3,2,4000,1,3,2,36000
2,1000,1,1,6000,1,2,2,11000
2,750,14,2,4000,1,2,2,100000
2,650,8,2,4000,0,2,2,55000
3,892,2,2,1100,0,2,2,36000
2,630,0,2,7000,0,1,1,7000
4,1950,11,2,4000,0,2,4,190000
1,475,8,2,4000,0,2,2,26000
3,1000,0,1,6000,1,2,3,30000
2,758,12,2,4000,1,2,2,54500
3,1450,0,1,5600,1,2,3,17000
1,270,1,2,7000,1,2,1,10000
2,1200,3,1,5600,1,2,2,30000
2,700,1,2,6000,1,2,2,11500
1,190,0,1,7000,1,2,1,5000
2,670,7,2,4000,0,3,2,29000
3,1956,1,1,5000,1,1,3,35000
4,1900,5,2,6000,1,3,4,20000
3,1700,2,2,5000,1,1,3,35000
2,1050,3,2,5000,1,2,2,17000
2,2200,1,2,1100,1,3,2,33000
2,786,1,1,6000,2,2,2,13000
2,1450,0,2,5600,1,2,2,18000
2,650,5,2,4000,0,3,2,49500
2,965,19,1,4000,0,2,2,45000
2,1200,1,2,5600,2,1,1,50000
2,560,0,2,4000,2,1,2,38000
2,2000,7,1,6000,2,2,2,19397
2,650,8,2,5600,2,3,2,8500
2,994,2,2,4000,1,2,2,90000
2,1000,15,2,4000,1,2,2,70000
2,700,1,1,7000,0,2,2,9500
2,1000,1,1,7000,1,2,1,17000
2,1068,1,2,6000,1,3,2,15000
2,1100,1,1,5600,1,2,1,12000
1,500,3,1,4000,1,2,1,40000
3,2500,1,2,1100,1,1,4,75000
2,950,2,1,1100,0,2,2,12000
2,800,1,1,6000,0,2,1,8000
2,700,2,1,5600,0,2,1,14000
2,580,0,2,5600,1,1,1,9000
2,805,5,2,5600,2,2,2,16000
2,777,17,2,4000,2,2,2,75000
3,1771,10,1,5600,1,2,3,36000
3,110,1,1,1100,0,2,2,18000
2,840,0,1,6000,1,2,2,14000
2,1000,0,1,7000,0,2,2,15000
3,1600,2,2,5600,1,2,3,22500
1,500,4,1,5600,2,2,2,13000
1,200,0,1,6000,1,2,1,5000
1,450,1,1,1100,0,3,1,20000
2,700,3,2,1100,0,1,1,12100
2,700,0,1,6000,1,2,2,16500
1,506,1,1,6000,0,2,1,6500
2,1000,4,2,4000,1,2,3,150000
3,1700,5,1,5000,1,2,3,25000
3,1100,9,2,4000,1,1,3,65000
2,475,8,2,4000,0,1,2,32000
2,1020,1,2,6000,2,2,2,35000
3,1360,5,1,5600,1,2,2,15000
4,2650,16,2,5600,0,1,5,63000
3,1600,17,2,4000,1,2,4,180000
1,650,2,2,1100,1,2,1,18000
1,450,3,1,5600,1,2,1,11000
2,1100,2,1,5600,2,2,2,30000
3,1325,15,2,4000,2,2,4,57000
2,1150,4,2,6000,1,2,2,22000
1,430,6,2,4000,2,2,2,24000
1,450,0,1,5600,1,2,1,4500
3,1100,15,2,4000,0,1,3,55000
2,600,2,2,6000,0,2,2,9000
1,250,2,1,6000,0,2,1,5250
3,1800,18,2,5600,1,2,3,28000
2,890,1,2,6000,0,1,2,13000
2,950,4,1,5000,2,2,2,12000
1,100,2,1,5600,1,2,2,4000
3,1350,18,2,4000,1,2,3,150000
2,1066,1,1,6000,0,3,2,15000
2,700,3,2,7000,0,1,1,9000
1,400,2,1,1100,1,2,1,5500
1,500,1,1,5000,0,2,1,10000
2,1000,1,1,6000,1,2,2,16000
1,550,3,1,4000,1,2,1,8500
1,800,2,1,7000,0,2,1,5500
3,800,0,1,7000,0,2,1,10000
2,1100,0,1,5000,0,2,2,11000
2,550,2,1,7000,2,2,1,2200
2,1050,1,2,6000,0,1,2,14000
1,400,2,1,5600,1,2,1,7500
3,1250,2,1,6000,1,2,2,17000
3,1092,60,2,4000,1,3,3,150000
2,900,2,2,5600,1,2,2,24000
3,1550,0,2,1100,1,2,2,47000
2,600,7,1,5000,0,2,2,10000
2,700,0,2,7000,0,1,1,12000
2,950,1,2,6000,1,3,2,11000
2,930,1,2,6000,2,3,2,12000
1,2160,1,1,7000,1,1,1,6000
2,800,3,1,1100,2,2,2,22000
2,1080,2,1,5000,1,2,2,12000
3,750,1,1,5600,1,2,2,15000
1,130,0,2,7000,1,2,1,6000
2,1100,0,1,4000,1,2,2,35000
1,250,1,1,4000,0,2,1,7500
2,600,2,1,7000,1,2,2,7000
2,600,0,1,7000,0,2,1,5000
2,1200,0,1,7000,0,2,2,6000
3,1600,3,2,5600,1,3,3,42000
3,1600,6,2,4000,1,2,3,150000
1,490,3,1,6000,1,2,1,4200
4,1450,30,2,4000,0,2,4,80000
2,950,6,1,5600,1,2,2,23500
2,1000,3,1,5000,0,2,2,13000
2,800,5,2,4000,1,2,2,88000
1,600,2,1,5600,2,2,1,18000
2,1050,1,2,5000,0,2,2,8500
2,750,0,1,7000,0,2,1,6000
1,400,0,1,1100,0,2,1,6000
1,375,1,1,4000,0,2,1,25000
1,433,8,2,4000,1,2,2,29999
2,300,0,2,7000,0,1,1,10000
2,800,1,1,6000,1,2,2,15000
2,770,4,2,4000,0,2,2,50000
2,700,1,1,5600,1,2,2,13000
3,2700,2,2,5000,1,2,3,65000
3,1286,1,2,7000,2,2,2,40000
1,70,2,1,1100,0,2,1,15000
2,755,12,2,4000,1,1,2,40000
1,600,2,1,6000,0,2,1,8000
2,685,0,1,6000,0,2,2,10000
1,497,3,2,1100,0,2,1,15000
2,700,7,2,5000,0,2,2,18000
2,288,2,2,7000,0,1,1,12000
2,1015,0,1,6000,1,2,3,10000
2,550,2,2,7000,0,2,1,11000
2,900,1,2,6000,1,1,2,18000
2,575,1,2,6000,1,2,2,9000
3,1000,2,2,4000,2,2,3,100000
1,350,1,1,1100,0,2,1,15000
2,1200,1,2,6000,0,1,2,11000
2,625,6,2,4000,1,1,2,40000
2,1200,1,2,5600,1,2,1,15000
3,250,1,1,1100,1,2,2,30000
2,1100,3,1,6000,0,2,2,7000
1,600,5,1,4000,2,2,1,21000
2,850,1,2,6000,2,2,2,23000
1,400,2,2,4000,0,2,1,25000
2,600,1,2,5600,0,1,2,16000
3,1300,0,2,7000,0,1,2,35000
1,400,0,1,6000,0,2,1,5700
2,825,12,1,4000,0,2,2,33000
2,700,4,2,1100,0,1,1,16000
1,450,0,1,6000,0,2,1,5000
2,60,2,1,1100,0,2,2,8500
1,600,0,1,6000,0,2,2,8500
1,550,0,2,4000,0,2,1,33000
4,1755,6,2,4000,1,3,4,180000
2,1200,1,1,5600,1,2,2,15000
2,1100,2,1,5000,1,2,2,12500
2,1500,1,1,5000,1,2,2,20000
2,1000,0,2,7000,1,2,2,17500
3,1514,34,2,4000,1,2,4,190000
2,830,0,1,7000,0,2,1,7200
3,1430,0,1,7000,1,2,1,8500
3,1250,4,2,5000,0,1,2,35000
3,1450,1,2,6000,0,1,2,45000
2,1200,1,2,5600,2,2,2,36000
3,1200,1,1,7000,0,2,3,8000
3,1050,16,2,4000,2,3,3,80000
1,650,3,1,4000,1,2,1,24000
2,1000,1,1,6000,0,2,2,15000
2,400,3,2,7000,1,1,1,4600
1,400,0,1,5600,0,2,1,6500
2,900,1,1,5000,1,2,2,10000
2,1150,1,1,5000,0,2,2,15000
3,1000,4,2,4000,1,2,3,85000
2,75,2,1,1100,1,2,2,15500
2,900,0,1,4000,1,2,3,27000
1,350,1,1,6000,1,2,1,7500
2,900,0,1,6000,1,2,2,15000
1,54,3,1,1100,1,2,1,7000
1,650,1,1,5600,0,2,1,4000
3,2150,3,1,5600,1,1,3,55000
2,800,2,1,5000,1,2,2,7500
2,800,0,1,5600,0,2,2,11000
2,1250,0,2,7000,0,3,2,8500
2,500,1,2,7000,0,1,2,7000
2,600,18,2,4000,0,1,2,27000
1,400,1,2,7000,0,2,1,5000
2,1100,2,2,5600,0,1,2,11400
3,1500,1,1,5000,1,2,3,23382
3,1557,1,1,6000,1,2,3,35000
3,1700,7,2,6000,2,1,3,49000
2,500,1,2,1100,1,2,2,12000
3,2100,2,1,6000,1,2,3,38000
1,550,1,2,6000,0,2,1,5000
2,445,4,2,1100,0,2,2,9000
1,600,1,2,1100,1,1,1,8500
2,1000,1,1,6000,0,2,2,14000
3,1450,0,1,7000,0,3,2,21000
3,10,1,2,5000,2,2,3,15000
1,240,0,2,7000,0,1,1,7000
2,1000,0,1,7000,0,2,1,8000
2,1000,1,1,6000,1,2,2,12500
3,1500,1,1,5000,1,2,3,15000
2,647,2,1,5000,0,2,1,12000
2,900,2,2,6000,1,2,2,15000
2,1000,4,1,6000,1,3,2,13500
1,510,1,1,6000,0,2,1,6000
1,520,1,1,6000,1,2,1,15000
3,1850,5,2,5000,2,1,3,65000
2,750,1,1,5000,0,2,2,6000
2,1000,1,1,5000,1,2,2,10000
1,515,12,2,4000,0,2,1,54500
2,1150,1,1,6000,1,1,2,13500
1,200,1,2,1100,2,1,1,5500
2,1100,2,1,5600,1,2,2,16500
3,2000,2,2,5600,1,2,3,48000
2,650,0,1,7000,0,2,1,7000
3,1200,2,1,5600,2,2,2,22000
2,450,0,1,7000,0,2,2,7000
1,600,0,1,6000,1,2,1,7000
2,1100,2,1,5000,1,2,2,9000
3,1400,1,1,6000,1,2,2,22000
3,2080,2,2,5600,1,3,3,60000
3,1100,3,2,4000,2,2,3,130000
2,1200,2,1,5600,1,2,2,27000
1,400,0,1,6000,1,2,1,7000
3,1235,1,1,6000,1,2,2,18000
2,700,1,2,7000,0,1,1,10000
2,935,2,1,4000,2,2,2,50000
3,900,3,2,1100,1,1,3,30000
3,1800,1,2,1100,1,1,3,30000
3,1500,1,2,6000,0,2,2,20000
4,1200,1,1,7000,0,3,2,18000
2,800,7,2,4000,1,2,2,80000
3,1600,1,2,5000,1,3,3,22500
2,1100,0,1,1100,0,2,2,25000
2,95,3,2,1100,1,2,2,40000
2,750,2,2,7000,1,2,2,8000
3,1132,10,1,6000,1,2,2,25000
2,1350,20,2,5000,2,1,2,45000
1,150,2,1,5600,0,2,1,5000
1,600,4,1,6000,0,2,1,10000
3,1100,0,1,7000,0,2,3,20000
2,800,4,1,7000,0,2,1,8500
2,1100,0,1,5000,0,2,2,14000
2,1020,3,1,6000,1,2,2,26000
2,845,7,1,4000,2,2,2,40000
2,1200,3,1,1100,1,2,2,31000
3,1100,17,2,4000,1,2,3,66000
2,1000,2,1,5600,2,2,2,13000
2,900,2,1,5000,1,2,2,12000
1,281,0,2,6000,0,2,1,8000
2,600,1,1,5600,0,2,2,13000
2,1010,5,2,5000,0,1,2,12500
2,830,13,1,4000,1,2,2,32000
3,450,0,2,6000,1,1,3,34500
2,1210,14,1,6000,1,2,2,13500
3,1350,0,1,5600,2,2,2,30000
2,800,0,1,6000,0,2,1,8000
3,1200,1,1,7000,0,2,3,15000
2,700,4,1,1100,1,2,1,9000
1,500,1,1,5600,1,1,1,8500
3,1560,1,1,5000,1,2,3,32000
2,750,1,2,1100,0,2,2,40000
3,1100,8,2,4000,1,3,3,80000
2,670,2,1,7000,0,3,1,6500
1,425,5,2,4000,0,2,2,33000
2,800,1,1,6000,1,2,1,10000
1,500,3,1,5600,1,2,1,9000
2,1000,2,2,5000,1,1,2,10000
1,415,3,2,5600,1,2,1,10000
3,1150,32,2,4000,0,2,3,75000
2,720,1,2,4000,1,2,2,55000
3,1400,10,1,6000,1,2,2,17000
2,1200,1,1,5600,0,2,2,10000
2,1000,2,1,6000,2,2,2,10000
2,640,0,2,6000,0,2,2,9500
3,1250,2,1,6000,1,2,2,15000
2,1200,2,1,5000,0,2,2,12500
3,890,4,2,4000,2,2,2,85000
2,1250,1,1,5600,1,2,2,18000
3,1750,1,1,5600,1,2,3,30000
3,1175,3,2,6000,2,1,2,20000
3,1350,2,1,5000,1,2,3,14000
2,700,0,2,6000,1,2,2,18000
2,400,1,1,6000,0,2,2,12500
4,272,1,2,1100,0,2,4,65000
4,2000,3,2,6000,1,1,3,65000
2,940,2,2,5600,1,2,2,12000
3,1000,2,2,7000,0,1,2,10000
3,1170,0,1,6000,1,2,2,39000
1,600,3,1,5600,1,2,1,10000
3,950,0,1,1100,0,2,2,15000
2,900,8,2,4000,2,3,2,140000
2,1080,3,2,5600,2,2,2,18500
3,1350,8,2,4000,2,2,3,95000
1,1800,0,1,7000,0,2,1,5500
4,120,0,1,1100,2,2,4,15000
2,750,4,2,4000,2,2,2,70000
2,100,2,1,1100,1,2,2,14000
2,850,2,1,6000,0,2,2,8200
1,400,2,2,1100,0,2,1,12000
3,1000,6,2,4000,2,2,3,92500
2,1100,1,1,5000,1,2,2,15000
3,1500,14,2,5600,1,1,3,34000
2,75,1,2,1100,0,2,1,6500
1,580,3,1,6000,0,2,1,8500
2,900,0,2,1100,2,2,2,32000
3,1150,7,2,4000,0,2,3,70000
1,450,4,1,4000,0,2,1,21000
1,450,5,2,4000,1,1,1,45000
2,600,3,1,5000,0,2,1,6000
2,1150,5,2,6000,1,2,2,24000
3,1500,23,2,5000,1,3,2,45000
3,2200,1,1,6000,0,1,3,15000
2,800,1,1,5000,2,2,2,8000
3,1300,6,2,4000,1,2,3,150000
1,1050,2,2,5000,2,1,1,32000
1,400,3,2,4000,0,2,1,22000
1,450,0,1,5000,0,2,2,8500
1,400,2,1,5000,0,2,1,7500
1,400,2,2,1100,2,1,1,16000
3,1500,5,1,5000,2,2,2,20000
3,2235,0,2,5000,0,3,5,46000
2,1000,3,2,5000,2,1,2,17000
3,1350,1,1,5000,0,2,2,16000
1,550,5,1,4000,0,1,2,20000
2,600,1,1,5000,2,2,2,15000
2,1150,2,1,6000,2,2,2,40000
2,635,17,2,4000,0,2,2,53500
1,550,1,1,5600,1,3,1,10000
2,950,0,1,5000,0,2,2,10000
1,100,1,1,1100,2,2,1,9000
3,1600,4,2,6000,0,2,3,45000
2,1320,1,1,7000,2,2,2,45000
2,480,0,2,7000,2,2,2,15000
2,840,3,1,5000,2,2,2,17000
2,550,3,2,4000,2,1,2,52000
1,500,4,1,5000,0,2,1,9000
1,280,3,2,4000,0,2,1,22000
1,500,2,2,5000,0,1,1,6500
3,1565,1,2,5000,2,2,3,35000
2,850,0,1,5600,1,2,3,16000
1,225,18,1,4000,0,2,1,19000
1,400,1,1,7000,0,2,1,6500
3,1250,0,1,5600,1,2,2,21000
2,840,1,1,5600,1,2,1,11000
3,1265,10,2,4000,0,3,3,51500
2,750,1,2,4000,1,1,2,55000
2,800,0,1,5000,0,2,2,12000
1,485,8,2,4000,2,2,2,48000
4,2700,2,2,1100,1,1,4,42000
2,950,1,2,7000,0,1,2,12000
3,1100,0,1,7000,0,2,1,16500
2,1000,4,2,5600,1,1,2,27000
1,500,1,1,7000,0,2,1,7000
2,1100,2,1,1100,2,2,2,40000
2,800,1,2,6000,1,2,2,9500
2,1250,0,1,5000,0,2,3,12500
2,650,2,2,4000,0,2,2,45000
2,600,1,1,5000,0,2,1,13000
3,1358,40,2,4000,1,3,4,240000
3,1500,2,1,5000,2,2,3,20000
1,585,3,1,4000,0,3,2,39000
1,550,0,1,6000,1,2,1,13500
1,300,4,1,5000,1,2,1,8000
2,600,0,1,6000,0,3,2,10000
3,2200,4,1,6000,0,2,3,45000
3,1525,6,2,6000,1,3,3,16000
2,180,0,2,5000,0,2,2,15000
1,500,0,1,6000,0,2,1,7000
1,350,0,1,7000,0,2,1,3000
2,600,2,1,5600,1,2,2,8000
1,512,1,2,1100,2,2,1,13000
2,900,0,1,5600,1,2,2,17500
1,500,2,1,5600,1,2,1,6500
2,1055,0,2,5600,1,1,2,9000
3,1600,1,1,5000,1,3,3,15500
2,700,2,1,7000,0,2,1,7000
2,630,6,2,4000,0,3,2,39000
1,800,0,1,6000,1,2,1,10000
4,1454,5,2,4000,0,2,4,100000
2,1000,2,1,5000,1,2,2,16000
3,1475,1,1,6000,1,2,3,37500
1,800,0,1,5600,1,2,1,11000
4,1000,0,1,5600,1,2,2,14000
2,1200,0,1,5000,1,2,2,16000
3,2000,23,2,5600,1,1,3,65000
1,463,5,2,4000,2,2,2,35000
2,650,0,2,4000,2,1,3,50000
2,900,5,1,7000,1,1,1,11000
2,800,1,2,6000,0,3,2,11000
2,1000,0,2,5600,0,1,1,10000
3,1200,2,1,5000,1,2,2,12000
2,720,1,2,6000,0,3,2,13000
1,500,0,1,5600,1,2,1,9000
3,1500,2,2,6000,1,2,3,75000
2,600,1,1,5600,1,2,2,11000
2,615,6,2,4000,0,3,2,35000
2,720,4,2,4000,0,2,2,60000
2,1150,2,1,5000,1,2,2,12000
2,650,2,1,6000,0,2,2,11000
2,870,3,1,6000,0,2,2,16000
2,1400,2,2,6000,1,1,3,16000
1,450,4,2,4000,1,3,2,22000
3,2000,2,2,1100,2,1,3,80000
2,900,7,2,4000,2,2,2,75000
2,800,0,1,5000,0,2,2,10000
3,1700,7,2,6000,1,2,3,60000
1,650,1,1,6000,0,2,1,12000
3,1000,0,2,7000,2,2,2,7500
1,650,3,1,5000,1,2,1,7000
2,650,2,2,7000,0,2,1,5500
3,2000,1,2,1100,1,2,2,27000
3,1800,2,2,1100,1,1,2,31500
2,750,0,1,5600,1,2,2,12000
2,680,4,2,4000,1,2,2,46000
2,600,15,2,4000,0,2,2,40000
2,1210,3,1,5000,0,2,2,16000
1,500,0,1,5600,1,2,1,8000
3,1600,19,1,4000,1,2,3,250000
2,1000,1,1,6000,1,2,2,13000
1,800,0,1,5600,2,2,1,18000
3,1200,1,2,6000,1,1,2,18000
1,600,1,1,7000,2,2,1,8000
2,500,3,1,1100,1,2,1,10000
3,1100,9,2,4000,2,3,3,150000
2,1100,2,1,5600,1,2,2,20000
2,700,3,1,4000,1,2,2,40000
2,1300,2,2,5000,0,2,2,13000
2,550,0,2,7000,0,2,1,9500
2,280,1,1,7000,0,1,1,5500
2,1150,4,2,5000,2,2,2,12000
2,720,0,2,4000,0,1,2,47000
3,1500,7,2,4000,0,3,3,130000
4,2000,17,2,4000,2,2,5,200000
2,1500,0,1,5000,2,2,2,12000
3,1600,2,1,5600,1,3,3,20000
1,250,0,1,5600,0,2,1,4000
2,100,2,1,5000,2,3,2,11000
3,1050,9,2,4000,2,1,3,160000
1,280,11,2,4000,1,2,1,20000
2,1100,0,1,5000,1,2,2,14000
2,800,1,2,7000,0,2,1,12000
2,600,2,1,5000,0,2,1,10000
3,1650,3,1,5000,1,2,2,20000
2,810,0,1,5600,1,2,1,10000
2,1200,2,2,5000,0,2,2,13000
2,660,12,2,4000,1,2,2,72000
2,600,1,1,5600,1,2,2,13000
1,400,1,1,7000,1,1,1,8000
3,1550,1,1,5000,0,2,3,16000
3,1700,7,1,6000,1,2,3,25000
2,745,1,1,6000,1,2,2,9000
1,470,3,1,5000,2,2,1,17000
2,700,4,2,4000,0,2,2,36000
2,700,3,1,5000,1,2,1,10000
2,805,12,2,4000,1,2,3,68000
3,125,3,1,1100,1,2,2,23000
1,900,3,1,1100,2,2,1,16000
3,1550,1,2,5000,0,1,3,13000
3,1700,6,1,5000,1,3,3,30000
2,730,2,1,6000,1,2,2,10000
2,700,1,2,7000,1,1,2,10000
2,1000,5,1,5000,0,2,2,11000
1,500,1,1,5000,1,2,1,6000
2,1250,3,1,6000,2,2,2,32000
3,600,2,2,1100,0,1,3,14000
2,1100,0,1,6000,0,2,2,24000
2,750,2,2,4000,1,2,2,52000
2,1325,6,1,5000,2,2,2,55000
1,450,2,1,1100,1,2,1,12000
2,1000,0,2,7000,1,2,1,15000
2,1200,3,2,6000,0,2,2,25000
2,771,20,2,4000,0,2,2,45000
3,2400,2,2,6000,2,2,3,150000
2,75,2,1,1100,0,2,1,14000
1,900,1,2,5600,1,2,2,15000
2,650,2,2,4000,0,1,2,27000
3,713,1,2,1100,2,2,3,45000
1,435,3,2,4000,0,2,2,27000
2,1000,2,2,5600,1,1,2,18000
2,150,0,1,5000,0,2,2,8000
2,1000,0,1,6000,1,2,2,6500
2,800,0,2,6000,0,3,2,22000
1,434,5,2,4000,1,2,2,26000
2,450,4,1,1100,1,2,1,15000
1,400,1,1,5600,0,2,1,7000
3,1155,15,1,6000,0,2,2,14000
2,939,3,1,6000,1,2,2,12000
2,60,3,1,1100,1,2,1,10000
2,750,1,1,5600,1,2,2,15000
2,960,16,2,4000,1,2,2,65000
1,400,3,2,1100,2,2,1,17000
2,1050,1,1,6000,1,2,2,15000
3,1785,9,1,6000,1,3,3,17000
1,600,0,1,6000,0,1,1,3500
3,1742,24,2,5000,1,3,3,45000
2,710,15,2,4000,0,2,2,46000
2,900,1,1,5600,1,2,2,14000
2,1210,4,1,5000,0,2,2,13000
3,2000,1,2,6000,2,2,3,30000
2,900,1,1,5000,0,2,2,15000
2,490,1,1,7000,1,2,1,8000
3,2405,10,1,5000,1,1,3,60000
2,1200,1,1,6000,0,2,2,10000
2,560,1,2,6000,1,3,2,14000
3,1200,8,2,4000,2,2,3,100000
2,600,1,1,6000,0,2,1,7500
2,500,1,2,7000,0,2,1,7000
2,1200,2,1,5000,2,2,2,10000
2,810,3,1,1100,1,2,2,20000
3,1850,35,2,4000,1,1,4,190000
3,1281,2,1,5600,1,2,3,28000
2,800,2,1,6000,2,2,2,12000
2,620,6,2,4000,1,3,2,42000
2,700,1,2,6000,0,1,2,18000
2,980,2,1,5000,0,2,2,12000
1,750,2,1,5600,1,2,1,8200
3,1960,13,1,5000,0,1,3,40000
1,400,2,2,1100,0,2,1,11000
2,800,0,1,7000,0,1,1,10000
2,550,4,2,1100,1,2,2,16500
2,650,0,1,7000,1,2,1,8500
3,1400,2,2,6000,1,2,3,34999
3,200,1,1,5000,0,2,1,21467
2,850,1,2,4000,2,1,2,85000
2,1113,2,1,6000,1,3,2,18000
3,1100,1,2,6000,0,3,2,15000
4,1600,2,1,5000,0,2,4,17000
4,2280,2,2,6000,1,2,4,200000
3,1200,1,2,6000,1,2,2,16000
3,1200,1,2,7000,1,2,2,25000
3,1600,5,2,5000,1,1,2,28000
1,460,3,1,5600,1,2,1,7500
2,900,3,1,5000,2,2,2,15000
3,1100,6,1,5600,1,2,3,12000
2,650,10,2,4000,1,2,2,36000
3,1440,3,2,6000,1,2,3,25000
2,1200,0,1,5000,1,2,2,8000
2,1000,3,1,1100,2,2,2,40000
2,84,2,2,1100,1,1,2,20200
1,300,1,2,7000,0,2,1,5000
2,950,1,1,6000,0,1,2,11000
1,450,1,1,7000,0,2,1,4500
2,1200,0,1,6000,1,2,2,15000
1,250,1,1,1100,2,2,1,12500
3,2210,4,1,5000,1,3,3,27000
2,1080,3,1,5000,1,2,2,15000
2,900,2,1,6000,1,2,2,19000
3,1220,6,1,6000,1,2,2,18000
2,1100,2,1,5000,2,2,2,12500
1,400,0,2,6000,0,2,1,8000
2,1100,3,2,5600,2,1,2,20000
1,500,0,1,5600,2,2,1,5000
2,400,1,1,6000,0,2,2,15000
3,2210,4,1,5000,1,3,3,25000
3,1651,2,1,6000,1,3,3,20000
2,1100,2,2,5600,1,1,2,30000
2,900,0,2,5000,1,1,2,14000
2,950,1,2,6000,1,2,2,13000
1,550,1,1,6000,0,2,1,5000
2,600,0,1,5600,1,2,2,12000
2,700,0,2,5600,1,3,1,10500
5,1880,2,2,7000,0,1,2,25000
2,700,0,1,5600,1,2,1,9500
2,1800,0,2,1100,2,1,2,40000
2,950,2,1,5600,1,2,2,12500
2,777,19,2,4000,2,2,2,90000
2,600,1,2,1100,0,1,2,15500
1,500,3,1,4000,0,2,1,23000
2,700,1,1,6000,0,2,2,12000
3,1950,5,1,5000,1,2,3,20000
2,800,2,1,6000,0,2,2,12000
3,1250,11,2,4000,1,3,3,180000
2,900,1,1,5000,0,2,2,9500
3,1600,2,2,1100,1,1,2,50000
2,1200,3,2,5600,1,2,2,22000
2,800,1,1,7000,0,2,1,12000
2,1000,6,2,4000,1,1,3,180000
3,1600,1,1,5000,1,2,3,28000
2,750,4,2,7000,0,2,1,10000
1,500,2,1,5600,1,2,1,5000
2,1500,1,2,6000,0,1,2,15000
2,1130,2,1,5600,1,2,2,27500
1,500,0,1,5000,2,2,1,10500
2,1250,2,1,5000,0,2,2,11000
3,1021,10,2,5600,2,1,3,28000
1,520,0,1,1100,2,2,1,13500
1,480,1,2,4000,1,3,2,35000
1,400,3,2,1100,1,2,1,15000
1,400,2,1,1100,0,2,1,6000
1,416,19,1,5600,0,2,1,8000
2,1250,2,2,5000,1,2,2,23000
1,300,2,1,5600,0,2,1,4300
3,2200,2,2,6000,0,1,3,65000
1,650,0,1,5600,1,2,1,6000
2,700,4,2,4000,2,1,3,55000
2,600,1,2,5600,1,2,1,11000
2,770,1,1,5000,1,2,2,16000
2,800,0,2,6000,1,2,2,15000
2,1200,36,2,4000,1,2,3,85000
2,2000,1,2,6000,1,2,2,10000
2,650,0,1,1100,0,2,2,9500
2,1000,3,1,4000,1,2,2,75000
3,1660,1,2,5600,1,2,2,20000
1,400,2,1,5000,0,2,1,6000
1,250,4,2,4000,0,2,1,16000
3,1500,0,1,5600,2,2,3,22000
2,68,3,1,1100,0,2,1,12000
2,950,2,2,1100,0,1,1,16500
3,1330,12,2,4000,1,2,4,150000
3,967,14,2,4000,2,2,3,90000
1,400,2,2,5600,1,2,1,8000
1,600,2,1,1100,1,2,2,9500
1,63,4,1,1100,2,2,1,6000
3,1618,2,1,5600,1,2,3,40000
1,450,6,2,4000,0,1,2,26000
3,1600,20,1,5600,1,2,3,35000
2,1200,3,1,5000,0,3,2,25000
2,750,1,1,7000,0,2,2,16000
1,700,0,1,6000,0,2,1,12000
3,800,2,2,6000,0,2,2,17000
1,450,2,2,7000,1,2,1,5000
2,750,1,1,6000,0,2,2,9500
1,500,2,1,6000,0,2,1,6500
1,600,2,1,5600,0,2,1,8000
2,1550,0,1,5000,2,3,2,15000
2,710,10,2,4000,1,2,2,55100
2,830,9,2,4000,1,2,2,34000
2,878,3,1,5000,1,2,2,10000
2,1060,1,2,5600,0,1,2,17000
1,350,2,2,1100,1,2,1,7000
2,1070,3,2,5000,1,2,2,19800
4,1750,9,2,4000,1,1,4,180000
2,700,0,2,4000,2,2,2,32000
2,800,0,1,5600,1,2,2,10000
3,1900,3,2,6000,1,3,3,75000
3,1600,11,2,6000,0,1,3,40000
1,505,4,2,4000,1,2,1,55000
1,400,2,1,1100,2,2,1,9500
2,1300,2,2,5000,1,2,2,15000
1,700,1,1,1100,1,2,1,20000
3,1050,4,2,6000,1,3,3,32000
2,975,0,2,6000,1,2,2,16000
1,322,1,2,7000,0,2,1,5000
1,450,0,2,5600,1,1,1,13500
2,1100,1,1,7000,1,2,2,14000
2,1300,0,2,5000,1,1,2,13000
2,1100,1,1,5000,0,2,2,12000
2,1100,3,1,1100,0,2,1,7500
2,990,1,1,5600,0,2,2,14500
2,700,0,2,4000,0,2,2,38000
1,390,0,2,6000,0,2,1,7500
1,350,2,1,5000,0,2,1,7500
2,1300,2,1,5600,1,2,2,14000
2,800,1,1,6000,1,2,2,8000
2,1000,2,1,5000,0,2,1,12000
2,1300,2,1,5000,1,2,2,12000
2,242,0,1,5000,0,2,2,18000
1,400,0,2,1100,1,1,1,13000
3,1965,10,1,5000,1,2,3,40000
1,649,3,1,4000,0,2,1,26000
1,220,3,1,7000,0,2,1,3200
2,1100,2,2,5600,1,2,2,25000
2,900,2,1,5000,2,2,2,13000
1,600,1,2,5600,1,2,1,13900
2,950,1,1,6000,0,2,2,10000
1,650,0,2,5600,1,2,1,8000
3,1600,1,2,5600,1,2,3,45000
3,1200,2,1,5600,0,2,3,17000
2,600,1,2,7000,1,1,1,7000
1,450,2,2,5000,1,1,1,6500
1,500,0,2,5600,1,2,1,10000
3,1200,14,2,4000,2,3,3,120000
1,600,5,2,4000,2,2,1,30000
3,2500,2,2,1100,0,1,3,60000
2,600,2,1,5600,1,2,1,12000
1,550,3,1,6000,1,2,1,11000
3,1400,4,1,5000,1,2,2,18000
3,1500,1,2,7000,1,3,2,15000
3,1500,2,2,5600,2,2,2,22000
2,1200,2,1,5600,1,2,2,8000
1,600,1,2,5600,0,1,2,11000
3,1100,0,1,7000,0,1,1,12000
2,750,5,2,4000,0,2,2,50000
1,500,2,1,5600,1,2,1,10000
2,1200,4,1,5000,2,2,2,17000
2,1150,14,2,4000,0,2,2,43000
2,920,4,1,5600,1,2,2,15000
3,800,0,1,7000,0,2,2,12000
1,620,2,1,4000,2,2,1,49000
2,500,4,2,7000,0,1,1,3500
1,433,2,2,4000,0,1,2,22000
3,1250,2,1,5000,0,2,2,20000
3,1350,0,1,6000,2,3,3,25000
1,425,3,2,4000,0,1,1,25000
3,1120,8,2,4000,2,3,2,90000
2,900,0,2,1100,1,2,2,15500
3,1800,3,1,5000,0,2,2,20000
2,803,1,1,6000,1,2,2,11000
3,192,2,1,5000,1,2,3,15000
2,1100,1,1,5600,0,2,2,15000
3,965,0,1,6000,1,2,2,13000
2,700,8,1,4000,0,3,2,20000
2,750,1,1,1100,1,2,1,8000
2,400,3,2,4000,2,2,1,20000
2,392,0,1,7000,0,2,1,5000
2,800,3,1,5600,1,2,1,10500
2,80,2,1,1100,1,2,2,11000
2,902,41,2,4000,1,2,2,85000
2,1190,3,2,5600,1,1,2,18000
4,650,4,1,1100,2,2,2,17401
1,600,5,2,5600,1,2,1,15000
2,1000,0,1,6000,1,2,2,12000
1,200,2,1,7000,2,2,1,3900
2,695,4,2,4000,1,2,1,75000
2,600,2,1,5600,1,2,2,15000
2,800,1,1,7000,0,2,1,10000
3,1500,0,1,7000,0,2,2,40000
3,2110,3,2,5600,0,1,3,120000
2,650,0,2,7000,0,2,1,7500
3,1200,0,1,6000,0,2,3,17000
2,600,0,1,7000,0,2,2,7000
4,1617,15,2,4000,1,2,5,130000
1,390,0,2,4000,1,2,1,11000
1,550,1,1,1100,1,2,1,9000
1,700,0,1,7000,2,2,1,18000
3,1000,16,2,4000,1,2,2,53000
1,180,2,2,1100,0,1,1,13000
2,450,1,2,7000,2,1,2,7000
2,850,0,1,6000,1,2,2,16000
3,1725,2,1,5000,2,2,3,35000
2,500,1,2,4000,2,2,1,25000
2,1000,1,2,5000,0,1,2,12000
3,1900,6,2,5600,0,1,3,56000
2,700,3,2,5000,0,2,2,12000
2,800,1,2,6000,1,2,2,13000
2,810,0,2,6000,0,1,1,10000
2,550,0,1,6000,0,2,2,12000
3,1800,2,2,1100,1,2,3,29000
1,400,3,2,1100,1,2,1,16000
2,1130,0,1,5600,0,3,2,15000
2,1300,0,1,5600,2,2,2,15000
2,1200,3,1,5000,0,2,2,15000
3,1670,3,1,1100,1,2,3,50000
1,250,0,2,1100,2,1,1,15000
2,1300,0,1,5000,1,2,2,14000
1,575,14,1,4000,0,2,1,22000
2,780,1,1,6000,1,2,2,15000
2,980,17,1,5600,2,2,2,25000
1,500,1,1,5000,0,2,1,7500
2,1040,1,2,1100,1,1,3,22000
2,600,0,2,5600,0,1,2,15000
2,950,1,1,6000,0,2,2,10000
1,450,2,1,5600,0,2,1,9000
2,800,1,1,6000,1,2,2,10000
2,800,5,2,4000,2,2,2,90000
3,1250,2,2,1100,0,1,2,24000
3,1200,0,1,5600,1,3,3,15000
1,600,1,1,5000,1,2,1,9000
1,600,4,2,1100,2,1,1,24000
1,600,0,1,6000,0,2,1,6500
3,200,1,2,1100,1,1,3,44300
3,1000,1,1,1100,0,2,2,16000
2,1200,2,1,5000,0,2,2,11000
3,950,0,2,4000,1,2,3,65000
2,1140,2,1,5000,1,3,2,12000
2,1000,2,1,5600,1,2,2,17000
1,300,0,2,7000,0,2,1,6000
3,1460,6,2,5600,0,1,3,35000
2,1600,1,1,5000,2,2,2,45000
2,750,6,2,4000,2,1,2,80000
2,1050,4,2,5000,0,1,2,10000
2,700,0,1,7000,1,2,1,21000
1,300,0,2,7000,0,2,1,5000
3,1400,3,1,5000,1,2,2,14000
1,750,3,2,5600,1,2,1,14000
4,2000,0,1,5600,2,2,3,75000
2,700,1,1,6000,0,2,2,7500
2,1109,3,1,6000,1,2,2,35000
2,300,1,1,5600,1,2,1,20000
3,1800,3,2,4000,1,2,4,270000
2,80,2,1,1100,1,2,2,18000
2,650,0,1,7000,1,2,1,8000
2,700,1,2,6000,0,2,2,11000
3,1286,8,2,5600,1,1,3,48000
2,700,10,2,4000,2,2,2,55000
3,1800,10,1,4000,1,2,3,80000
1,550,3,2,5600,1,2,1,18000
2,60,1,1,5000,0,2,2,7000
3,2000,1,1,5000,2,3,3,35000
3,1465,2,1,5600,1,2,3,20000
2,900,0,2,7000,1,2,2,18000
2,1200,2,1,5600,1,2,1,11500
1,360,4,2,4000,0,2,1,30000
2,805,0,1,6000,0,2,2,11000
2,1000,2,1,5000,1,2,2,22000
3,100,1,2,5000,0,2,3,17000
3,1800,4,1,5000,2,2,3,25000
2,900,2,1,5000,1,2,2,20000
3,80,3,2,6000,1,2,2,10000
2,1150,1,1,5000,2,2,2,25000
2,1400,2,1,5600,1,2,2,12000
1,200,3,1,1100,2,2,1,12500
4,1950,2,2,1100,1,2,4,30000
1,525,2,1,4000,0,2,1,28000
1,600,0,2,5600,0,1,1,7500
1,650,18,1,4000,2,2,2,11000
3,1250,12,2,4000,1,3,3,130000
1,475,3,1,4000,0,2,1,4500
3,1425,9,2,4000,2,1,4,210000
3,1250,2,2,1100,0,1,2,16500
2,1200,2,1,5000,0,2,2,11000
2,900,4,1,1100,1,2,2,15000
2,900,0,1,7000,0,2,2,8000
3,1834,15,1,5000,1,2,3,45000
3,1780,1,1,6000,1,2,3,45000
3,1300,2,2,5600,1,1,3,30000
2,1000,0,1,7000,1,2,1,6000
2,1000,0,1,7000,2,2,2,22000
2,800,14,2,4000,0,2,2,160000
2,700,5,2,4000,2,1,2,65000
1,600,0,2,7000,0,2,1,7000
2,750,15,2,4000,1,2,2,80000
2,800,0,2,7000,0,1,1,8000
1,100,0,1,1100,1,2,1,21000
1,500,2,1,5000,0,2,1,6000
2,850,9,2,4000,0,2,2,45000
1,150,3,1,5600,2,2,1,6000
3,1330,0,2,4000,0,2,3,150000
3,2000,1,1,5600,1,2,3,25000
2,600,7,2,4000,2,3,2,20000
2,600,3,1,1100,0,2,2,14000
2,670,5,2,4000,0,1,2,80000
1,500,1,1,7000,0,1,2,7000
2,750,2,1,6000,0,2,2,12000
2,650,0,1,7000,0,3,2,12000
3,1710,15,1,6000,1,2,3,20000
3,750,0,1,7000,0,3,1,8000
2,900,2,1,1100,2,2,2,45000
3,850,6,2,4000,0,1,3,55000
2,1000,12,2,5600,0,1,2,30000
1,300,3,1,5600,1,2,1,4500
2,882,10,1,4000,0,1,2,18000
3,1500,2,2,5000,1,1,3,16500
1,180,0,1,1100,0,2,1,3500
2,750,2,2,1100,2,2,2,30000
2,960,1,1,6000,0,3,2,11000
2,500,2,1,5600,0,2,1,9300
2,700,2,1,5600,0,2,2,13500
2,640,6,2,4000,0,2,2,32000
2,600,0,1,5600,2,1,1,11000
2,1200,0,1,5000,0,2,2,10000
1,700,0,1,6000,1,2,1,9000
1,45,1,1,1100,1,2,1,7500
1,640,6,1,4000,2,2,1,14000
2,600,3,2,5600,0,1,1,7500
2,1000,4,1,1100,1,2,2,22000
1,400,2,2,5000,0,2,1,7500
2,1300,1,1,6000,0,2,2,14000
2,600,14,2,4000,1,2,2,78000
1,500,3,2,1100,0,2,1,10000
2,850,10,2,4000,1,2,2,50000
2,1000,4,1,4000,1,2,2,50000
1,440,3,1,5600,1,2,1,7500
2,800,4,1,5000,0,2,2,9000
1,600,2,1,5000,0,2,2,9000
2,800,2,2,6000,1,1,2,25000
2,650,3,2,5000,0,2,2,10000
1,300,1,2,7000,0,1,1,5000
2,1200,3,1,5600,1,2,2,18000
1,270,1,2,4000,0,2,1,27000
1,500,0,1,7000,0,2,1,6000
2,720,8,2,4000,2,2,2,55000
3,1600,2,2,5000,1,2,3,30000
1,200,4,1,5600,1,1,1,6500
1,450,0,1,6000,0,2,1,8500
1,480,1,2,7000,2,1,2,17500
2,1200,2,1,5600,1,2,2,16500
1,540,1,2,5000,0,1,1,14000
1,800,0,2,7000,0,1,1,8000
2,750,12,2,4000,0,2,2,62000
4,2317,10,1,6000,0,2,4,60000
3,1600,3,2,5600,1,1,3,25000
2,1250,1,1,5000,2,2,2,9500
2,850,2,1,5600,0,2,2,10000
2,1428,4,1,5000,1,3,2,20000
4,2117,20,2,6000,1,2,4,22000
2,900,2,1,6000,0,2,2,7500
3,1798,7,1,5000,1,2,3,48000
1,350,10,2,4000,0,1,2,25000
2,800,0,1,5600,1,3,2,14000
1,500,1,1,5600,0,2,1,7000
1,500,1,1,5000,0,2,1,9000
1,600,2,1,7000,0,2,1,5000
3,2290,4,1,5000,1,1,3,50000
1,650,2,1,5600,1,2,1,7000
3,1400,1,1,7000,0,2,1,15000
2,1000,1,2,5600,0,2,1,13000
2,1350,12,1,5600,1,2,2,25000
3,1800,2,2,1100,1,1,3,70000
2,800,0,2,7000,0,2,1,6500
2,1450,0,1,5000,1,2,2,12500
2,825,0,1,5600,0,2,2,15000
2,1075,1,1,6000,1,2,2,12500
2,900,3,1,1100,1,2,2,23000
2,1100,0,2,5000,0,2,2,9500
2,1200,0,1,6000,0,2,2,9800
2,980,4,2,5600,1,3,2,20000
2,1000,0,2,7000,0,2,1,8500
1,700,1,1,6000,1,2,1,6000
1,700,15,1,4000,2,2,1,42000
1,500,0,1,5600,0,2,1,6000
2,600,2,1,5600,1,2,2,10000
2,700,0,1,6000,0,2,2,11500
2,800,0,2,6000,1,1,1,13000
2,535,12,2,4000,0,2,2,36000
2,888,9,2,4000,1,2,2,60000
2,750,7,2,4000,2,1,2,95000
2,950,0,1,5000,1,2,2,10000
2,850,0,2,6000,0,3,2,13000
2,1050,11,2,6000,1,3,2,23000
3,700,0,2,7000,0,3,2,8000
2,600,0,2,7000,1,2,1,6000
4,1560,12,2,4000,0,2,4,100000
1,730,2,1,5600,1,2,1,8500
3,1100,0,2,7000,0,1,1,30000
2,450,3,2,1100,1,2,1,9500
1,500,1,1,6000,2,2,1,6500
2,955,8,2,4000,0,2,2,55000
3,180,0,2,1100,0,1,3,40000
3,1580,3,2,5600,0,1,3,50000
2,680,5,2,4000,0,3,2,32000
1,300,1,2,1100,2,1,1,5000
1,700,4,1,1100,0,2,1,15000
3,1100,7,2,4000,2,2,3,70000
3,1720,4,1,5000,1,2,3,28000
2,200,2,2,6000,0,2,2,16500
1,400,1,1,5600,1,1,1,9000
1,450,1,2,7000,0,2,1,5000
2,650,0,2,5600,0,2,2,16000
2,600,2,2,4000,0,2,2,13000
2,1550,2,1,6000,1,2,3,27000
2,1200,0,1,5000,1,2,2,10000
1,500,1,1,6000,0,2,1,18000
2,1200,1,1,6000,2,2,2,15000
2,850,2,1,6000,0,1,2,10000
1,500,2,1,1100,1,2,1,10000
1,700,5,2,5000,1,2,2,25000
2,1000,2,1,1100,2,2,2,45000
1,600,3,1,5600,0,2,1,6000
3,1550,5,2,4000,1,2,3,61000
1,1300,2,1,5000,2,2,2,12000
2,900,1,1,6000,1,2,2,12000
3,1200,0,1,7000,1,2,3,35000
1,230,0,1,7000,0,2,1,4500
3,1400,8,2,4000,2,2,3,200000
1,500,0,1,5600,1,2,1,12500
2,800,1,1,7000,1,2,1,6500
2,1500,0,1,6000,2,2,2,10000
3,1150,8,2,4000,1,2,3,170000
3,1300,3,1,5600,2,2,2,21000
1,200,1,1,7000,0,2,1,5500
4,1755,9,2,4000,0,3,4,150000
2,900,1,1,7000,0,2,2,12000
2,1000,0,2,5600,1,2,2,18000
3,1840,5,2,5600,1,2,2,40000
3,1650,1,2,6000,1,1,3,20000
1,400,2,1,5600,1,2,1,6200
1,550,0,1,6000,0,2,1,10000
3,1430,2,1,5600,1,2,2,24000
2,1200,3,2,5600,1,2,2,18000
2,650,0,2,7000,1,2,2,13000
3,1400,22,2,4000,2,2,3,100000
2,950,0,1,7000,0,2,1,12000
2,1200,0,1,5600,1,2,1,10000
2,1125,2,2,5000,0,1,2,10000
3,1300,8,2,4000,1,1,4,95000
2,1315,0,1,5000,1,2,2,12500
1,150,1,1,7000,2,2,1,7500
2,1000,0,1,5600,1,2,2,13000
2,1000,4,2,5600,2,2,2,27500
2,1100,2,1,5000,2,2,2,25000
2,560,0,2,6000,1,3,2,12000
2,800,1,1,6000,1,2,2,16000
2,750,4,2,4000,0,2,2,52000
6,1000,1,1,7000,1,2,2,20000
2,1000,1,2,6000,1,3,2,10500
1,300,2,1,5000,1,2,1,12000
2,750,1,2,1100,1,2,2,17000
1,600,0,1,5000,0,2,1,10000
2,960,1,1,6000,1,3,2,11000
2,1100,2,1,6000,2,2,2,23000
3,1260,0,1,5600,2,2,3,25000
3,2000,3,2,1100,0,2,3,80000
4,1900,3,1,5600,0,2,3,30000
3,1800,1,1,5600,1,2,3,32000
3,1400,2,1,5000,0,2,3,18000
3,2000,3,1,1100,2,2,3,250000
2,630,2,2,5600,1,2,2,24000
2,800,0,2,7000,0,1,2,10000
3,850,1,2,7000,1,2,3,18000
2,500,2,2,1100,1,2,2,12500
2,1000,0,1,7000,2,2,2,11000
3,800,0,2,7000,0,2,1,15000
2,1050,3,1,5000,0,2,3,12000
6,2400,0,1,5000,0,3,4,20000
2,700,1,1,5600,1,2,2,12000
1,500,1,2,5600,1,2,1,9000
2,110,1,2,5000,0,1,2,10000
3,1064,7,2,4000,0,2,3,140000
2,950,0,2,1100,1,2,2,25000
1,650,0,2,6000,1,2,1,15000
2,500,1,1,5000,2,2,2,12000
1,444,7,2,4000,0,2,2,25000
2,700,7,2,7000,0,2,2,10000
2,650,2,2,6000,0,2,2,12000
2,650,12,2,4000,2,2,2,40000
2,1125,1,1,5000,0,1,2,11000
3,1350,2,2,5600,1,2,2,26000
2,910,10,2,4000,0,1,2,51000
2,720,0,2,7000,0,2,2,8500
1,300,1,2,5600,0,1,1,11500
2,900,2,1,6000,2,2,2,14000
2,800,1,2,7000,0,2,1,9900
2,900,2,1,5600,1,2,2,12000
3,1700,7,2,5000,1,3,3,26000
2,800,1,2,6000,0,2,2,15000
2,1500,1,2,5000,0,1,2,12000
2,175,1,1,5000,1,2,2,8000
2,800,1,2,6000,0,1,2,14000
2,1100,0,1,6000,1,2,2,18000
1,450,5,2,4000,2,3,2,45000
2,1100,1,1,6000,1,1,2,15000
2,1000,1,2,7000,1,2,2,10000
3,2000,7,1,1100,1,3,2,30000
3,2100,1,1,5600,2,2,3,35000
2,650,1,1,5600,0,2,1,13000
2,750,0,2,4000,0,2,2,100000
2,450,2,2,7000,0,1,1,5000
3,1540,3,2,6000,2,1,2,35000
2,900,3,2,5600,1,2,1,16000
2,450,0,2,7000,0,2,1,7000
2,1250,0,1,5000,1,2,2,25000
2,600,0,1,6000,1,2,1,12000
3,1200,0,2,5600,1,1,2,20000
3,1600,1,1,6000,1,2,3,40000
2,650,3,2,4000,0,3,2,36000
1,25,3,1,1100,0,2,1,3500
2,800,3,1,5000,2,2,2,7000
3,1800,0,1,1100,0,3,3,29000
2,1200,5,1,5000,0,2,3,18000
2,700,1,1,5600,0,2,2,14000
2,1000,4,1,5000,1,2,2,15000
1,379,21,2,4000,1,1,1,53000
3,1500,0,2,6000,1,3,2,30000
3,1425,2,2,6000,1,2,2,25000
1,400,2,2,1100,0,1,1,7000
2,800,1,2,5600,1,2,1,16000
2,200,0,2,5000,0,1,2,6500
2,650,8,2,4000,2,1,2,42000
2,630,0,2,7000,1,2,1,7200
1,430,7,2,4000,0,3,2,25000
1,500,1,2,1100,0,2,1,8000
1,270,14,1,4000,0,2,1,22000
2,780,1,1,6000,2,2,2,13000
3,1435,5,1,6000,2,2,3,110000
2,900,2,1,1100,1,2,1,25000
3,1000,1,1,5000,0,2,2,14000
2,800,0,2,7000,0,1,2,18000
1,300,3,1,1100,2,2,1,6500
2,660,0,2,4000,1,2,2,70000
3,1200,4,2,4000,2,2,3,100000
1,475,10,2,4000,0,2,1,52000
2,800,0,2,7000,0,1,1,6200
1,500,4,2,4000,1,1,2,32000
1,400,0,1,6000,1,2,2,6500
3,1250,1,1,6000,1,2,3,17000
1,1000,2,1,7000,0,2,1,15000
2,850,10,2,4000,2,2,2,65000
3,1200,2,2,1100,1,1,2,25000
2,540,1,1,1100,0,2,1,10000
1,265,6,1,4000,0,2,1,20000
3,985,1,2,4000,0,3,3,45000
2,750,1,1,6000,1,2,2,18000
3,1000,1,2,5000,1,2,3,25000
2,600,0,1,7000,0,1,1,7000
2,550,1,2,1100,0,1,2,13000
2,650,1,2,6000,0,1,2,15000
3,1500,2,2,5000,0,2,2,15000
3,1700,2,1,6000,1,2,3,32000
1,560,3,1,4000,1,1,2,34000
2,1100,2,2,6000,1,1,2,11500
2,1000,0,2,5000,1,3,2,11000
3,1700,2,1,5000,1,2,2,22000
1,550,2,1,5600,1,2,1,7500
2,1100,0,1,6000,1,2,2,16000
4,2000,6,2,4000,2,3,4,140000
2,990,0,2,5600,1,2,2,10000
3,1107,4,2,6000,1,2,2,14500
2,925,1,2,6000,0,1,2,13000
2,1200,1,1,5600,0,2,2,12000
1,100,1,1,5000,1,2,1,3000
1,460,10,2,4000,1,2,2,33000
1,1000,0,1,5600,1,2,2,10000
2,550,2,2,4000,2,3,2,22000
2,1200,2,1,5000,1,2,2,11000
2,1115,3,2,5000,0,3,2,13000
2,650,2,1,6000,1,2,2,15000
2,985,3,1,6000,0,2,2,12000
3,1800,0,1,7000,1,2,2,14500
1,300,2,2,4000,1,2,1,20000
3,1550,30,2,4000,2,2,3,220000
3,1278,3,1,5600,1,2,2,35000
2,700,0,2,5600,1,2,2,11000
3,1600,3,1,1100,1,2,3,60000
2,600,7,2,4000,0,1,2,17000
2,1200,0,1,5000,1,2,1,9500
2,1600,0,1,5600,2,2,3,22000
2,751,3,2,7000,0,1,1,14000
4,1432,12,2,4000,0,2,3,130000
2,950,2,2,4000,1,2,2,65000
2,700,3,2,4000,2,1,2,72000
2,700,4,2,4000,2,2,2,28000
3,1400,3,2,6000,1,2,3,40000
1,500,2,1,5000,1,2,2,6000
2,1200,1,2,5600,1,1,2,35000
1,380,3,2,4000,0,1,2,7500
3,1700,1,2,7000,1,1,3,60000
2,1000,3,1,5000,1,2,2,17000
1,450,1,1,1100,0,2,1,9000
2,660,2,1,5600,0,1,1,6000
2,450,4,1,1100,1,2,2,12000
2,894,4,1,6000,1,2,2,20000
2,700,1,2,5600,1,3,1,12000
2,730,4,2,4000,1,2,2,80000
1,575,1,2,4000,1,3,1,75000
2,890,4,2,4000,0,2,2,8000
5,960,0,1,7000,0,2,2,22500
3,2200,0,1,1100,0,2,3,140000
2,1100,0,2,5600,1,2,2,15000
3,1100,4,1,5000,1,2,2,21000
2,800,0,2,6000,1,1,2,18000
1,700,0,2,5000,0,2,1,8500
2,1300,3,2,5000,1,2,2,15000
1,420,6,2,4000,1,3,1,15000
2,850,2,2,7000,1,3,1,18000
2,800,1,1,6000,1,3,2,11000
2,900,3,1,6000,0,2,2,12000
2,900,1,2,7000,1,1,2,21000
1,400,1,1,6000,2,2,1,12000
1,700,3,1,5600,1,2,1,7000
3,1330,11,2,4000,1,2,4,130000
2,925,2,1,5600,0,2,2,10000
2,970,0,2,6000,1,1,2,11000
1,500,1,2,5600,1,2,1,7500
3,1415,4,1,6000,2,2,2,25000
2,750,0,1,6000,1,1,2,12000
2,1050,2,1,5600,1,2,2,20000
2,1065,15,1,4000,2,2,2,25000
2,900,12,2,4000,1,2,2,34000
3,1150,1,2,7000,0,2,2,22000
3,1800,1,2,5600,0,1,3,55000
3,1600,0,2,7000,0,1,2,40000
2,1225,2,1,5000,0,1,2,13000
2,500,1,1,5600,1,2,1,8000
1,500,3,1,4000,0,2,1,22000
2,850,0,1,6000,1,2,2,20000
1,450,1,2,1100,1,1,1,20000
3,1120,1,1,6000,1,2,2,16000
3,1603,6,2,5600,1,2,3,55000
3,2000,25,1,4000,1,2,4,100000
2,900,2,2,1100,1,1,2,20000
4,2400,1,2,6000,0,2,4,55000
3,1100,15,2,4000,0,2,3,80000
1,420,2,2,5600,1,2,1,12000
2,950,1,1,6000,1,2,2,10500
2,1200,0,1,6000,1,2,2,9500
2,700,0,1,1100,2,2,2,22000
1,680,5,1,4000,2,2,4,40000
3,1224,14,2,4000,0,3,3,130000
2,854,15,2,4000,1,2,2,90000
3,1300,19,1,6000,2,2,3,30000
1,400,0,1,6000,0,2,1,9000
1,300,0,1,5600,0,2,1,8000
2,700,2,2,4000,0,2,2,29500
2,450,1,1,1100,0,2,1,6000
1,500,13,1,4000,2,2,2,40000
2,900,1,1,6000,0,2,2,9500
3,2100,0,1,6000,1,2,4,24000
2,800,1,1,6000,1,2,2,9000
2,600,4,2,6000,2,2,2,13500
2,1000,0,1,7000,1,2,1,8000
1,595,1,1,6000,1,2,1,6500
1,450,1,2,1100,0,2,1,9500
2,650,0,1,4000,0,2,2,40000
1,500,0,1,5600,0,2,1,9000
2,1000,0,1,1100,0,2,2,18000
1,450,1,2,7000,0,2,1,5000
3,1250,1,1,5000,1,2,3,25000
1,400,18,2,4000,0,1,1,25000
2,1300,2,1,5000,0,2,2,12000
2,750,11,2,4000,0,1,2,42000
1,450,1,1,5000,0,2,1,5400
1,250,0,1,6000,1,2,1,6500
1,350,4,2,1100,1,1,1,12000
2,900,2,1,5000,0,2,2,11000
2,1000,1,1,6000,0,2,2,18000
3,1800,19,1,5000,0,1,3,49000
1,500,2,1,5000,1,2,1,6500
2,933,2,1,5000,0,1,2,12000
3,1500,6,2,5600,2,2,3,110000
2,800,2,1,5600,1,2,1,20000
2,1300,0,1,5000,0,2,2,10000
2,870,5,2,4000,2,2,2,85000
3,1450,0,2,1100,2,1,2,55000
1,350,0,1,6000,0,2,1,6000
2,75,2,1,1100,2,2,2,12000
2,850,1,1,6000,0,2,2,7000
3,1300,37,2,4000,1,2,4,160000
3,1350,2,2,1100,1,1,3,40000
2,500,0,2,6000,2,2,2,9000
1,490,7,1,4000,1,2,1,25000
1,650,0,2,7000,2,2,1,6500
2,650,2,2,6000,2,2,2,17500
3,1000,1,2,5600,2,2,3,21000
1,413,5,2,4000,2,2,1,50000
2,1020,1,2,6000,2,2,2,30000
2,950,5,2,5000,0,2,2,14000
3,850,25,2,4000,1,3,3,85000
2,1000,1,2,7000,0,2,2,14000
1,500,0,1,7000,2,2,1,12000
2,570,0,2,6000,0,2,2,12000
2,1000,2,1,5600,1,3,2,18000
2,1000,2,1,5000,0,2,2,12000
2,900,1,1,6000,0,1,2,6000
2,1150,1,1,5000,0,2,2,8000
1,600,3,2,5600,1,3,1,9000
3,1379,17,2,4000,0,2,3,120000
2,70,1,1,1100,1,2,2,10000
2,1110,2,2,5000,1,2,2,14000
2,985,1,2,6000,0,1,2,18000
2,1000,2,2,5000,1,2,2,11500
2,110,2,1,1100,1,2,1,21000
1,640,11,1,4000,2,2,2,33000
3,1700,3,2,5000,2,3,3,30000
2,590,0,2,6000,1,2,2,17000
1,240,4,1,1100,1,1,1,10000
3,1600,2,1,5000,2,2,3,18000
1,150,2,1,5600,0,2,1,8000
1,300,3,1,1100,1,2,1,35000
3,1300,1,2,5000,2,2,3,12000
2,1350,1,2,5000,1,2,2,24000
2,1150,2,2,5600,2,3,2,20000
1,225,0,2,4000,0,1,1,15000
2,1100,1,1,6000,1,2,2,18000
1,470,5,2,4000,1,3,2,15000
2,600,0,2,7000,1,2,2,7000
2,550,3,2,1100,0,2,1,5000
2,750,0,1,6000,0,2,2,8000
3,1270,15,2,4000,1,1,3,140000
2,1000,10,2,4000,1,2,2,95000
3,1550,2,2,1100,1,1,3,90000
3,1700,3,2,5600,1,2,3,43000
2,75,4,1,1100,0,2,2,15000
3,1535,1,1,6000,0,2,3,32500
1,300,2,1,6000,1,2,1,6000
2,1000,1,1,5000,1,2,3,20000
2,1500,1,1,5600,1,2,2,28000
4,2300,4,2,5000,1,2,4,45000
1,300,0,1,5600,1,2,1,6000
2,75,1,1,1100,0,2,2,20000
2,850,0,1,5600,1,2,2,22000
3,2120,9,1,6000,2,2,3,34000
2,650,1,2,6000,0,2,2,10000
3,1600,2,1,5600,1,2,3,28000
3,2000,1,1,6000,1,2,3,25000
1,650,2,1,5000,0,2,1,6800
2,925,2,1,5000,1,2,2,12000
2,1100,0,2,6000,0,2,2,30000
2,650,2,2,1100,0,2,2,17000
2,826,1,1,6000,1,2,2,12000
1,600,1,1,5600,0,1,1,5500
2,800,1,2,6000,0,2,2,8000
2,850,2,2,1100,0,2,2,40000
1,450,10,2,4000,0,1,2,32000
2,1045,1,2,5600,1,1,2,18000
2,1400,2,1,5000,0,2,2,10000
3,1400,3,2,6000,1,2,3,22000
2,900,3,2,6000,0,1,2,23000
2,830,2,2,4000,2,1,2,44000
3,200,2,2,1100,0,2,2,52000
2,675,0,1,7000,0,2,1,7500
2,750,5,2,4000,2,2,2,55000
3,1800,3,2,5600,1,2,3,29000
3,1200,2,1,4000,1,3,2,40000
3,1680,4,2,5600,0,1,3,43000
1,555,6,1,4000,0,1,1,12500
1,300,0,2,1100,1,2,1,5000
2,400,0,2,7000,0,2,1,7000
2,600,1,1,4000,1,2,1,24000
3,1500,2,1,5000,0,2,2,15000
2,1000,2,1,6000,1,2,2,28000
3,1100,9,2,4000,2,1,3,83000
1,300,1,2,7000,0,2,1,6300
3,2000,4,2,5000,1,3,3,42000
2,1050,1,2,5000,1,2,2,16000
3,825,20,2,4000,2,3,3,65000
1,540,4,2,5000,0,3,1,8000
1,350,1,1,4000,0,2,1,20000
3,1200,10,2,4000,1,2,3,180000
2,850,1,2,7000,0,1,1,7500
2,800,1,1,6000,0,2,2,16000
1,450,2,2,6000,1,2,1,6500
1,600,2,1,1100,2,2,1,12000
3,1500,1,2,1100,1,1,3,70000
2,690,2,1,5000,0,2,2,8000
2,1100,1,1,5600,0,2,2,20000
1,225,3,2,4000,0,1,1,45000
2,900,2,1,6000,1,2,2,20000
1,550,3,2,4000,0,1,2,28000
2,1020,3,1,5000,1,2,2,8000
2,930,5,1,5000,1,2,2,14000
2,1200,2,1,5000,2,2,2,30000
2,670,4,2,4000,1,3,2,48000
1,400,1,1,5600,1,2,1,9000
2,900,3,2,1100,1,1,2,20000
2,610,11,2,4000,0,3,2,32000
3,1100,18,2,4000,1,2,2,70000
3,1872,1,1,1100,1,2,3,90000
1,500,3,1,5000,0,2,3,9000
1,550,3,2,1100,1,1,1,13000
2,650,3,2,5000,0,2,2,9500
2,167,0,1,5000,0,2,2,9500
1,400,2,1,6000,0,2,1,6500
1,650,4,1,4000,0,1,1,60000
3,100,1,2,1100,2,2,2,10000
2,1200,0,1,5600,1,2,2,14000
1,425,11,2,4000,0,2,2,21000
3,1700,3,2,1100,1,1,3,44000
3,900,1,1,6000,0,2,2,7000
3,1325,3,2,4000,2,2,3,50000
3,1450,4,1,5000,1,2,2,26000
2,722,4,2,4000,0,2,2,45000
2,900,4,1,1100,1,2,2,22000
2,700,1,1,7000,0,2,2,10000
2,1200,2,2,6000,1,2,2,17500
2,1100,2,1,5600,1,2,2,16000
2,1500,0,1,6000,0,2,2,15000
1,300,1,1,5000,1,2,1,7000
2,1290,1,1,5000,1,2,2,9500
2,600,4,1,1100,0,2,2,8000
1,700,2,1,5600,1,2,2,15000
1,540,2,2,4000,1,3,2,40000
2,1274,9,2,5600,1,2,2,38000
2,1200,5,1,5600,0,2,1,25000
1,250,2,1,7000,2,2,1,4700
3,900,2,2,6000,0,1,2,23000
1,500,7,2,6000,2,2,1,21000
2,900,0,1,5000,0,2,1,7000
2,850,0,1,6000,0,2,2,24000
3,1500,8,2,4000,1,2,3,190000
1,720,3,2,1100,0,2,1,22000
2,500,0,2,7000,0,1,1,9000
2,625,9,2,4000,2,1,2,57000
2,650,4,2,4000,0,3,2,38000
1,800,0,1,5000,2,2,1,8000
2,760,3,2,4000,0,3,2,60000
2,1150,1,1,5000,0,2,2,25000
2,1000,1,1,7000,1,2,1,12000
2,1000,1,1,6000,1,2,2,17000
3,1545,4,1,5000,2,2,2,25000
1,400,0,2,4000,0,2,1,25000
4,2700,2,2,1100,1,2,4,37000
2,1350,2,1,5000,0,2,2,12000
1,330,0,2,4000,1,2,1,17000
2,130,0,1,1100,0,2,1,8000
1,500,2,2,5600,1,1,1,12000
1,490,0,1,4000,0,2,1,19000
2,600,1,1,7000,1,2,1,6000
1,550,0,2,6000,0,1,2,8500
1,420,5,2,4000,1,3,2,40000
2,750,0,2,6000,1,2,1,7500
4,1937,20,2,4000,1,2,5,150000
2,800,0,1,7000,0,2,1,7000
2,900,0,1,6000,1,2,2,26000
2,84,1,2,1100,1,1,2,24000
1,410,9,2,4000,1,3,2,16000
1,570,0,1,6000,1,2,1,6166
2,1200,0,1,5600,0,2,2,18000
3,1233,35,2,4000,1,2,4,98000
2,800,0,1,6000,0,2,2,9000
1,400,1,2,4000,0,2,1,23500
3,1450,2,2,1100,1,2,3,68000
2,1300,2,1,5000,0,2,2,10000
4,1358,25,2,4000,1,3,4,270000
2,600,0,1,5600,1,2,2,10000
3,1800,1,1,5000,1,2,3,25000
1,465,3,1,4000,1,1,1,20000
2,450,2,2,7000,1,2,2,10000
2,100,2,1,5000,0,2,2,9000
3,1350,12,2,4000,1,1,4,110000
3,2000,0,2,5000,2,1,3,22000
2,901,2,1,6000,0,2,2,14000
3,1050,0,2,1100,0,3,2,27000
4,1000,15,1,5000,1,2,3,25000
1,420,1,2,6000,0,1,1,14000
1,455,2,2,5600,1,2,1,15000
2,900,1,2,7000,1,2,2,15000
4,272,0,2,1100,2,1,3,60000
3,1225,9,2,6000,1,2,3,29000
2,600,0,1,7000,1,2,1,8000
3,1600,1,1,5000,1,2,3,15000
2,1030,3,1,5000,1,3,2,10000
2,800,1,2,5600,1,2,2,10500
2,1100,1,2,5600,1,1,2,20000
2,1050,3,1,5000,1,2,2,17000
2,1100,2,2,5600,1,2,2,15000
2,1200,0,1,6000,1,2,2,14000
2,1300,0,2,4000,2,2,2,250000
3,1600,2,1,5600,1,2,2,18000
1,350,2,1,5600,1,2,1,8500
3,1850,1,1,6000,0,1,3,16500
2,532,1,2,5600,0,1,1,8500
3,1500,1,1,5000,0,2,3,15000
2,1125,24,1,6000,1,2,2,15000
3,1270,1,1,6000,1,1,2,19500
2,850,1,2,5600,1,3,2,13000
2,1000,25,1,6000,1,2,2,18500
2,1200,0,1,5000,1,2,2,15000
4,1783,5,2,4000,1,2,3,210000
1,320,0,2,7000,0,2,1,6000
2,700,2,1,6000,1,2,1,8500
3,1600,2,2,5000,1,2,3,42000
1,400,0,1,5600,1,2,1,7000
2,855,4,2,5000,0,1,2,17000
2,450,1,2,1100,1,2,1,10000
2,110,1,2,5600,0,2,2,10000
2,650,2,1,6000,1,2,2,16000
2,700,0,2,7000,1,1,2,20000
1,600,1,1,5600,0,2,1,12500
2,1000,4,2,5600,1,1,2,20000
2,650,0,2,6000,0,2,1,8000
2,1010,1,1,6000,1,2,2,9500
2,800,0,2,7000,0,1,1,8000
3,1110,3,1,5600,1,2,2,17681
2,720,5,2,4000,1,2,2,30000
2,650,2,2,1100,1,2,2,17500
3,1150,17,2,4000,1,3,3,50000
2,1200,1,1,5600,1,2,2,11000
3,900,3,2,1100,1,2,2,31000
2,960,1,1,6000,0,2,2,10000
3,1500,3,2,5000,1,2,2,30000
3,1710,25,2,4000,2,2,3,270000
2,1000,2,1,6000,1,2,2,7500
3,1150,10,2,4000,0,3,3,84500
3,1500,19,1,6000,0,1,3,20000
2,1000,1,1,5600,1,2,2,14000
2,900,0,1,7000,0,2,2,9000
3,1800,3,2,6000,0,1,3,40000
2,650,2,2,1100,1,2,2,16000
2,800,2,1,5000,1,2,2,7500
2,700,3,2,4000,2,1,2,60000
2,1000,2,1,5000,0,1,2,15000
2,1099,2,1,6000,1,3,2,18000
1,500,0,2,7000,1,2,1,5000
2,850,1,1,6000,2,2,2,25000
2,1296,9,2,5600,1,2,2,30000
2,450,0,2,1100,2,2,1,30000
2,1387,0,1,5600,1,2,3,17000
1,550,9,2,6000,1,2,1,15000
2,610,0,2,4000,1,1,1,15000
2,980,3,1,5000,1,2,2,15000
1,500,1,1,5600,0,2,1,4700
1,380,19,2,4000,0,2,1,15000
3,1450,2,1,5000,1,2,2,22000
2,700,1,1,6000,1,2,2,15000
1,500,1,2,6000,0,1,1,10000
1,500,2,1,5600,1,2,1,5000
2,730,2,2,6000,1,3,2,13000
2,950,1,2,6000,0,3,2,17000
1,225,6,2,4000,0,2,1,21000
3,1500,2,1,5600,1,2,3,22000
3,1700,7,1,5000,1,2,3,60000
1,150,1,2,6000,0,1,1,7500
2,350,2,2,5000,0,1,1,12000
2,1100,2,1,5000,2,3,2,16000
2,1200,1,2,6000,1,1,2,26000
1,250,2,1,5600,0,2,1,4000
1,460,7,2,4000,0,2,2,32000
2,800,1,1,5000,1,2,2,13000
3,1850,1,1,5000,1,2,2,15000
2,800,12,2,4000,1,2,2,65000
1,450,5,2,4000,2,2,2,34999
2,84,2,2,1100,1,1,2,19500
2,190,1,1,5000,2,2,2,8000
2,600,4,2,4000,0,1,2,34000
2,1080,1,2,5600,1,1,1,12000
2,700,0,1,6000,0,2,2,6250
1,500,2,1,5600,1,2,1,8500
2,500,2,1,5600,1,2,1,9000
1,600,3,1,5600,1,2,1,6500
2,700,3,1,5000,0,2,2,20000
1,650,2,2,5000,1,1,1,7500
3,1125,8,2,6000,1,3,3,34000
2,800,3,1,1100,0,2,2,14000
3,1100,5,2,6000,0,1,2,25000
1,550,4,1,5600,1,1,1,14500
1,650,2,2,1100,2,1,1,15000
2,1000,3,1,1100,1,2,2,20000
3,917,3,2,6000,1,3,2,28000
2,700,2,1,6000,1,3,2,10500
2,720,1,1,5600,1,2,2,8500
1,330,4,2,4000,1,2,1,20000
2,650,1,2,6000,0,1,2,15000
1,550,3,2,5600,1,2,1,11000
2,850,2,1,5600,1,2,1,10000
3,1800,5,2,5000,0,3,3,30000
2,710,11,2,4000,1,2,2,65000
3,300,2,1,1100,1,2,3,150000
4,1528,65,2,4000,0,3,4,230000
1,800,2,1,5600,0,2,1,9000
2,700,0,2,7000,0,2,1,6000
1,250,11,2,4000,0,2,1,15500
1,175,0,1,7000,0,2,1,3300
2,680,12,2,4000,0,2,2,35000
2,1300,1,1,5000,1,2,2,12000
2,80,3,1,1100,1,2,1,21000
1,600,1,1,5600,1,2,1,20000
1,400,2,2,1100,2,2,1,16000
3,700,1,1,1100,2,2,2,12000
3,950,7,2,4000,0,3,3,69999
2,1200,2,2,6000,0,2,2,17000
2,400,3,1,1100,0,2,1,20000
2,850,1,1,6000,0,2,2,12000
1,700,1,2,7000,0,1,1,10000
1,700,1,1,6000,0,2,2,7000
2,680,1,2,5600,1,2,2,16000
2,1800,2,1,6000,0,2,2,12000
2,900,0,2,5000,1,1,2,8000
2,450,1,1,7000,0,2,1,6000
1,400,4,1,5600,1,2,1,6000
2,1000,2,1,1100,1,2,2,18500
1,450,2,1,5600,0,2,1,6500
3,1800,1,2,1100,1,2,3,37000
1,250,0,1,7000,1,2,1,3500
2,800,2,1,5000,0,2,2,15000
3,1500,4,2,5600,1,2,3,30000
2,700,0,2,7000,0,1,2,14000
1,850,1,2,7000,0,1,1,6500
3,1800,0,2,5000,1,2,3,65000
2,650,3,2,4000,0,3,2,18500
2,550,3,2,4000,0,3,2,8000
2,900,1,2,7000,0,2,1,7500
2,800,14,2,4000,1,3,2,94000
1,520,2,1,4000,1,2,1,12000
2,1200,2,1,5000,1,2,2,13000
3,1400,28,2,6000,1,2,3,17000
1,600,4,1,4000,1,2,1,9400
3,1400,1,1,5600,1,2,3,25000
2,1100,5,1,5000,0,2,2,12000
1,120,0,1,7000,0,2,1,3500
1,450,3,1,5600,0,2,1,12000
2,200,0,1,5000,0,2,1,10000
2,550,4,2,1100,0,2,1,15000
2,900,1,1,6000,1,2,2,10000
1,421,3,2,4000,0,2,1,14000
1,600,0,1,6000,1,2,1,6500
2,650,1,1,5000,0,2,2,12000
2,1000,0,1,5600,1,2,2,8500
2,1700,0,1,5600,1,2,2,30000
2,1021,4,1,6000,1,2,2,14000
3,1100,2,2,7000,0,2,1,22000
3,1550,5,2,5000,0,2,2,15000
3,1050,5,2,4000,2,2,3,150000
2,95,1,1,1100,1,2,1,13000
2,800,2,1,5600,1,2,2,15000
3,1350,20,2,4000,2,3,3,85000
1,50,3,1,1100,2,2,1,10000
2,350,2,1,1100,1,2,2,7000
2,1280,0,2,5600,0,2,2,15000
1,550,1,1,7000,1,2,1,7500
2,1100,3,2,5600,2,1,2,15000
1,25,2,2,1100,0,2,1,5000
2,760,4,2,4000,1,2,2,65000
2,150,1,1,1100,1,2,1,24000
2,920,2,2,6000,1,2,2,23000
1,375,6,2,4000,0,2,1,18000
1,60,1,1,5000,1,2,1,4500
1,700,0,1,6000,1,2,1,9500
2,1200,2,1,6000,2,2,2,45000
1,100,1,2,5600,1,2,1,7000
1,450,2,1,4000,0,3,1,15000
2,600,1,1,5600,0,2,2,9000
2,830,0,1,6000,1,2,2,15000
3,1300,1,2,1100,2,1,3,95000
4,1200,0,2,7000,0,2,1,13000
2,1005,2,2,5600,1,2,3,21000
3,1350,18,2,4000,1,2,3,140000
2,60,3,2,1100,1,1,2,14000
2,500,2,2,5600,0,1,1,10000
2,800,2,2,1100,0,2,2,17000
3,1350,23,2,4000,1,2,3,150000
2,750,0,2,7000,0,2,2,18000
1,400,1,1,6000,0,2,1,7000
3,1500,5,2,5000,1,2,3,30000
2,1100,0,1,6000,0,2,2,17000
2,750,5,2,4000,1,2,2,60000
1,500,2,1,1100,1,2,1,11000
1,530,0,1,1100,0,2,1,8500
3,1208,5,2,4000,0,1,3,200000
1,600,3,2,5600,1,1,1,7500
1,300,0,2,7000,1,2,1,6000
1,500,0,1,6000,0,2,1,12000
2,1375,1,2,6000,2,3,1,18000
3,1200,9,2,6000,1,2,3,25000
3,1800,10,1,5000,2,2,3,37000
1,500,0,1,7000,1,2,1,1800
3,2036,6,1,6000,1,1,3,80000
3,919,8,2,5000,1,2,2,25000
1,500,1,1,4000,1,2,2,35000
